organization,work_area,name,latitude,longitude,depth,depth_source,watershid_id,lake_id,program
HAKAI,CALVERT,1,,,,,,,Projects
HAKAI,CALVERT,1008297,,,,,,,Projects
HAKAI,CALVERT,10138617,,,,,,,Projects
HAKAI,CALVERT,1015 1,,,,,,,Nearshore
HAKAI,CALVERT,1015 2,,,,,,,Nearshore
HAKAI,CALVERT,1015 2P,,,,,,,Nearshore
HAKAI,CALVERT,1015 3S,,,,,,,Nearshore
HAKAI,CALVERT,1015 689,,,,,,,Nearshore
HAKAI,CALVERT,1015 689 ABOVETHERMOCLINE,,,,,1015,689,Watershed
HAKAI,CALVERT,1015 689 BOTTOM,51.6847300000001,-128.05727,,,1015,689,Watershed
HAKAI,CALVERT,1015 689 INLETC,51.68639998,-128.052978,,land,1015,689,Watershed
HAKAI,CALVERT,1015 689 INLETN,51.6898750300001,-128.052391,,land,1015,689,Watershed
HAKAI,CALVERT,1015 689 INLETNORTH,,,,,1015,689,Watershed
HAKAI,CALVERT,1015 689 INLETS,51.68185104,-128.059045,,land,1015,689,Watershed
HAKAI,CALVERT,1015 689 INLETSE,51.6839180100001,-128.05619,,land,1015,689,Watershed
HAKAI,CALVERT,1015 689 INLETSOUTH,,,,,1015,689,Watershed
HAKAI,CALVERT,1015 689 INLETSOUTHEAST,,,,,1015,689,Watershed
HAKAI,CALVERT,1015 689 OUTLET,51.692007,-128.057463,,land,1015,689,Watershed
HAKAI,CALVERT,1015 689 PHOTIC,,,,,1015,689,Watershed
HAKAI,CALVERT,1015 689 SURFACE,51.6847300000001,-128.05727,,,1015,689,Watershed
HAKAI,CALVERT,1015 689 THERMO,,,,,1015,689,Watershed
HAKAI,CALVERT,1015 689_BOTTOM,,,,,,,Nearshore
HAKAI,CALVERT,1015 689_INLETCENTRAL,,,,,,,Nearshore
HAKAI,CALVERT,1015 689_INLETNORTH,,,,,,,Nearshore
HAKAI,CALVERT,1015 689_INLETSOUTH,,,,,,,Nearshore
HAKAI,CALVERT,1015 689_INLETSOUTHEAST,,,,,,,Nearshore
HAKAI,CALVERT,1015 689_OUTLET,,,,,,,Nearshore
HAKAI,CALVERT,1015 689_SURFACE,,,,,,,Nearshore
HAKAI,CALVERT,1015 892 INLETS,,,,,1015,892,Watershed
HAKAI,CALVERT,1015 892 INLETSE,,,,,1015,892,Watershed
HAKAI,CALVERT,1015 892 OUTLET,,,,,1015,892,Watershed
HAKAI,CALVERT,1015 892 SURFACE,,,,,1015,892,Watershed
HAKAI,CALVERT,1015 A,,,,,,,Nearshore
HAKAI,CALVERT,1015 ABOVETHERMOCLINE,,,,,1015,1015,Watershed
HAKAI,CALVERT,1015 B,,,,,,,Nearshore
HAKAI,CALVERT,1015 BOTTOM,,,,,,,Nearshore
HAKAI,CALVERT,1015 C,,,,,,,Nearshore
HAKAI,CALVERT,1015 D,,,,,,,Nearshore
HAKAI,CALVERT,1015 DISCHARGEDOWNSTREAM,,,,,1015,1015,Watershed
HAKAI,CALVERT,1015 DISCHARGEDS,,,,,1015,1015,Watershed
HAKAI,CALVERT,1015 DSSITE,,,,,1015,1015,Watershed
HAKAI,CALVERT,1015 E,,,,,,,Nearshore
HAKAI,CALVERT,1015 ES,,,,,,,Nearshore
HAKAI,CALVERT,1015 H6,,,,,,,Nearshore
HAKAI,CALVERT,1015 H6 BOTTOM,,,,,,,Nearshore
HAKAI,CALVERT,1015 H6 INLET CENTRAL,,,,,,,Nearshore
HAKAI,CALVERT,1015 H6 INLET NORTH,,,,,,,Nearshore
HAKAI,CALVERT,1015 H6 INLET SOUTH,,,,,,,Nearshore
HAKAI,CALVERT,1015 H6 INLET SOUTH EAST,,,,,,,Nearshore
HAKAI,CALVERT,1015 H6 OUTLET,,,,,,,Nearshore
HAKAI,CALVERT,1015 H6 SOUTH INLET,,,,,,,Nearshore
HAKAI,CALVERT,1015 H6 SURFACE,,,,,,,Nearshore
HAKAI,CALVERT,1015 H6BOTTOM,,,,,1015,1015,Watershed
HAKAI,CALVERT,1015 H6INLETCENTRAL,,,,,1015,1015,Watershed
HAKAI,CALVERT,1015 H6INLETNORTH,,,,,1015,1015,Watershed
HAKAI,CALVERT,1015 H6INLETSOUTH,,,,,1015,1015,Watershed
HAKAI,CALVERT,1015 H6INLETSOUTHEAST,,,,,1015,1015,Watershed
HAKAI,CALVERT,1015 H6OUTLET,,,,,1015,1015,Watershed
HAKAI,CALVERT,1015 H6SOUTHINLET,,,,,1015,1015,Watershed
HAKAI,CALVERT,1015 H6SURFACE,,,,,1015,1015,Watershed
HAKAI,CALVERT,1015 INLETC,51.68639998,-128.052978,,,,,Watershed
HAKAI,CALVERT,1015 INLETN,51.6898750300001,-128.052391,,,,,Watershed
HAKAI,CALVERT,1015 INLETS,51.68185104,-128.059045,,,,,Watershed
HAKAI,CALVERT,1015 INLETSE,51.6839180100001,-128.05619,,,,,Watershed
HAKAI,CALVERT,1015 OUTLET,51.690527,-128.067788,,land,,,Watershed
HAKAI,CALVERT,1015 PHOTIC,,,,,1015,1015,Watershed
HAKAI,CALVERT,1015 RSL,,,,,,,Nearshore
HAKAI,CALVERT,1015 RSL2,,,,,1015,1015,Watershed
HAKAI,CALVERT,1015 SURFACE,,,,,,,Nearshore
HAKAI,CALVERT,1015 THERMO,,,,,1015,1015,Watershed
HAKAI,CALVERT,1015 UPSTREAM,,,,,1015,1015,Watershed
HAKAI,CALVERT,10208937,,,,,,,Projects
HAKAI,CALVERT,10311645,,,,,,,Projects
HAKAI,CALVERT,1043625,,,,,,,Projects
HAKAI,CALVERT,1043721,,,,,,,Projects
HAKAI,CALVERT,1050633,,,,,,,Projects
HAKAI,CALVERT,10508409,,,,,,,Projects
HAKAI,CALVERT,1056969,,,,,,,Projects
HAKAI,CALVERT,1057977,,,,,,,Projects
HAKAI,CALVERT,1058 OUTLET,,,,,,,Watershed
HAKAI,CALVERT,1066089,,,,,,,Projects
HAKAI,CALVERT,1084125,,,,,,,Projects
HAKAI,CALVERT,10969785,,,,,,,Projects
HAKAI,CALVERT,11380521,,,,,,,Projects
HAKAI,CALVERT,1147402,,,,,,,Projects
HAKAI,CALVERT,1184553,51.8656,-128.238912,0.0,chart,,,Projects
HAKAI,CALVERT,12019113,51.8363000000001,-128.188167,2.0,chart,,,Projects
HAKAI,CALVERT,1230249,51.9165300000001,-128.19315,39.0,CHS NONNA10 Bathymetry,,,Projects
HAKAI,CALVERT,1237113,,,,,,,Projects
HAKAI,CALVERT,1261353,,,,,,,Projects
HAKAI,CALVERT,12969,,,,,,,Projects
HAKAI,CALVERT,1306809,51.4847800000001,-127.664617,0.0,chart,,,Projects
HAKAI,CALVERT,1325241,,,,,,,Projects
HAKAI,CALVERT,132969,52.0801000000001,-128.3215,25.0,CHS and NRCan Multibeam Echo Sounder Bathymetry,,,Projects
HAKAI,CALVERT,1400121,,,,,,,Projects
HAKAI,CALVERT,1405305,,,,,,,Projects
HAKAI,CALVERT,1427241,,,,,,,Projects
HAKAI,CALVERT,1443321,,,,,,,Projects
HAKAI,CALVERT,14453001,,,,,,,Projects
HAKAI,CALVERT,14456457,,,,,,,Projects
HAKAI,CALVERT,14714793,51.8638,-128.173767,1.0,chart,,,Projects
HAKAI,CALVERT,151005,52.0100800000001,-128.476256,37.0,CHS and NRCan Multibeam Echo Sounder Bathymetry,,,Projects
HAKAI,CALVERT,1525725,51.8622800000001,-128.445504,15.0,chart,,,Projects
HAKAI,CALVERT,1557801,,,,,,,Projects
HAKAI,CALVERT,1558665,51.6908100000001,-128.073256,0.0,chart,,,Projects
HAKAI,CALVERT,1648521,,,,,,,Projects
HAKAI,CALVERT,1695145,,,,,,,Projects
HAKAI,CALVERT,1710729,,,,,,,Projects
HAKAI,CALVERT,1738377,,,,,,,Projects
HAKAI,CALVERT,1743993,,,,,,,Projects
HAKAI,CALVERT,1776393,,,,,,,Projects
HAKAI,CALVERT,1809885,,,,,,,Projects
HAKAI,CALVERT,18568521,51.4415000000001,-127.971167,1.0,chart,,,Projects
HAKAI,CALVERT,1900809,51.65432,-128.108445,34.0,CHS NONNA10 Bathymetry,,,Projects
HAKAI,CALVERT,1907721,,,,,,,Projects
HAKAI,CALVERT,1924905,,,,,,,Projects
HAKAI,CALVERT,1947465,,,,,,,Projects
HAKAI,CALVERT,1972521,,,,,,,Projects
HAKAI,CALVERT,1976841,,,,,,,Projects
HAKAI,CALVERT,1991097,,,,,,,Projects
HAKAI,CALVERT,2013129,,,,,,,Projects
HAKAI,CALVERT,2044665,,,,,,,Projects
HAKAI,CALVERT,20612 OUTLET,51.36580122,-127.768549,1.0,chart,20612,20612,Watershed
HAKAI,CALVERT,20613 OUTLET,51.3687,-127.7573,,land,20613,20613,Watershed
HAKAI,CALVERT,20615 OUTLET,51.37650532,-127.7449311,,land,20615,20615,Watershed
HAKAI,CALVERT,20623 OUTLET,51.3950262000001,-127.7073025,,land,20623,20623,Watershed
HAKAI,CALVERT,20636 OUTLET,51.3770476500001,-127.6607934,,land,20636,20636,Watershed
HAKAI,CALVERT,20642 OUTLET,51.43074425,-127.6292547,,land,20642,20642,Watershed
HAKAI,CALVERT,20643 OUTLET,51.4659907700001,-127.5814722,,land,20643,20643,Watershed
HAKAI,CALVERT,2065833,,,,,,,Projects
HAKAI,CALVERT,2070585,51.60628,-127.731173,0.0,chart,,,Projects
HAKAI,CALVERT,2071785,,,,,,,Projects
HAKAI,CALVERT,20718 OUTLET,51.491914347,-127.535503698,,land,20718,20718,Watershed
HAKAI,CALVERT,20720 OUTLET,51.5352903500001,-127.516309,,land,20720,20720,Watershed
HAKAI,CALVERT,20722 OUTLET,51.5685330000001,-127.514507,,land,20722,20722,Watershed
HAKAI,CALVERT,20726 OUTLET,51.6239835100001,-127.4746435,,land,20726,20726,Watershed
HAKAI,CALVERT,20727 OUTLET,51.6311479,-127.4515056,,land,20727,20727,Watershed
HAKAI,CALVERT,20741 OUTLET,51.6509209800001,-127.355236,,land,20741,20741,Watershed
HAKAI,CALVERT,20747 OUTLET,51.6665165900001,-127.3125451,,land,20747,20747,Watershed
HAKAI,CALVERT,20754 OUTLET,51.67008301,-127.260025,,land,20754,20754,Watershed
HAKAI,CALVERT,20760 OUTLET,51.6875702780001,-127.290100621,,land,20760,20760,Watershed
HAKAI,CALVERT,20771C OUTLET,51.7300000000001,-127.33,,land,20771C,20771C,Watershed
HAKAI,CALVERT,20771K OUTLET,51.7500000000001,-127.33,,land,20771K,20771K,Watershed
HAKAI,CALVERT,20812 OUTLET,,,,,20812,20812,Watershed
HAKAI,CALVERT,20938 OUTLET,51.646504,-127.504727,,land,20938,20938,Watershed
HAKAI,CALVERT,20940 OUTLET,51.6413554600001,-127.5495886,,land,20940,20940,Watershed
HAKAI,CALVERT,20947 OUTLET,51.5561300900001,-127.6145751,,land,20947,20947,Watershed
HAKAI,CALVERT,20948 OUTLET,,,,,20948,20948,Watershed
HAKAI,CALVERT,20952 OUTLET,51.536994335,-127.687488562,,land,20952,20952,Watershed
HAKAI,CALVERT,20954 OUTLET,51.5376489320001,-127.746600987,,land,20954,20954,Watershed
HAKAI,CALVERT,20980 OUTLET,51.6359498410001,-127.715404179,,land,20980,20980,Watershed
HAKAI,CALVERT,2128041,,,,,,,Projects
HAKAI,CALVERT,2170377,51.73373,-128.137283,15.0,chart,,,Projects
HAKAI,CALVERT,2305065,,,,,,,Projects
HAKAI,CALVERT,236649,,,,,,,Projects
HAKAI,CALVERT,2367273,,,,,,,Projects
HAKAI,CALVERT,2459613,,,,,,,Projects
HAKAI,CALVERT,2562537,,,,,,,Projects
HAKAI,CALVERT,2571705,,,,,,,Projects
HAKAI,CALVERT,26410 OUTLET,51.6436800000001,-128.1497,,land,26410,26410,Watershed
HAKAI,CALVERT,26468 OUTLET,51.6226300000001,-127.9346,,land,26468,26468,Watershed
HAKAI,CALVERT,2650665,,,,,,,Projects
HAKAI,CALVERT,2659401,,,,,,,Projects
HAKAI,CALVERT,26812 OUTLET,51.5483919600001,-127.6022895,,land,26812,26812,Watershed
HAKAI,CALVERT,2737593,,,,,,,Projects
HAKAI,CALVERT,2752137,,,,,,,Projects
HAKAI,CALVERT,2830473,,,,,,,Projects
HAKAI,CALVERT,2882745,,,,,,,Projects
HAKAI,CALVERT,2981241,,,,,,,Projects
HAKAI,CALVERT,2NDBEACH,,,,,,,Nearshore
HAKAI,CALVERT,3016521,,,,,,,Projects
HAKAI,CALVERT,3048633,,,,,,,Projects
HAKAI,CALVERT,3109113,,,,,,,Projects
HAKAI,CALVERT,313209,51.62661,-127.756675,,land,,,Projects
HAKAI,CALVERT,317865,,,,,,,Projects
HAKAI,CALVERT,3188601,51.489,-127.750333,2.0,chart,,,Projects
HAKAI,CALVERT,3203721,51.7609100000001,-128.061879,0.0,chart,,,Projects
HAKAI,CALVERT,3226617,,,,,,,Projects
HAKAI,CALVERT,32733,,,,,,,Projects
HAKAI,CALVERT,3296457,,,,,,,Projects
HAKAI,CALVERT,3334953,,,,,,,Projects
HAKAI,CALVERT,33501,,,,,,,Projects
HAKAI,CALVERT,3366057,,,,,,,Projects
HAKAI,CALVERT,3406557,,,,,,,Projects
HAKAI,CALVERT,342153,,,,,,,Projects
HAKAI,CALVERT,34569,51.6459400000001,-128.095816,0.0,chart,,,Projects
HAKAI,CALVERT,3533673,,,,,,,Projects
HAKAI,CALVERT,3577401,,,,,,,Projects
HAKAI,CALVERT,3931209,,,,,,,Projects
HAKAI,CALVERT,3957033,,,,,,,Projects
HAKAI,CALVERT,3970957,,,,,,,Projects
HAKAI,CALVERT,3986505,,,,,,,Projects
HAKAI,CALVERT,399609,,,,,,,Projects
HAKAI,CALVERT,39969,51.59828,-127.832517,3.0,CHS and NRCan Multibeam Echo Sounder Bathymetry,,,Projects
HAKAI,CALVERT,4002057,51.8079000000001,-128.117183,30.0,chart,,,Projects
HAKAI,CALVERT,4083273,,,,,,,Projects
HAKAI,CALVERT,4091817,,,,,,,Projects
HAKAI,CALVERT,41481,,,,,,,Projects
HAKAI,CALVERT,4155753,,,,,,,Projects
HAKAI,CALVERT,4180905,,,,,,,Projects
HAKAI,CALVERT,4205865,,,,,,,Projects
HAKAI,CALVERT,4249593,,,,,,,Projects
HAKAI,CALVERT,4319913,,,,,,,Projects
HAKAI,CALVERT,4372281,51.62618,-127.690512,5.0,chart,,,Projects
HAKAI,CALVERT,437625,51.61048,-127.779069,5.0,chart,,,Projects
HAKAI,CALVERT,4475433,,,,,,,Projects
HAKAI,CALVERT,450057,,,,,,,Projects
HAKAI,CALVERT,4574889,,,,,,,Projects
HAKAI,CALVERT,4653417,,,,,,,Projects
HAKAI,CALVERT,4662057,,,,,,,Projects
HAKAI,CALVERT,4665609,,,,,,,Projects
HAKAI,CALVERT,466569,,,,,,,Projects
HAKAI,CALVERT,468729,,,,,,,Projects
HAKAI,CALVERT,4694841,,,,,,,Projects
HAKAI,CALVERT,4717449,,,,,,,Projects
HAKAI,CALVERT,4719609,,,,,,,Projects
HAKAI,CALVERT,4745513,,,,,,,Projects
HAKAI,CALVERT,476073,,,,,,,Projects
HAKAI,CALVERT,4840041,,,,,,,Projects
HAKAI,CALVERT,4865193,,,,,,,Projects
HAKAI,CALVERT,4865913,,,,,,,Projects
HAKAI,CALVERT,4899753,51.7315,-128.166683,20.0,chart,,,Projects
HAKAI,CALVERT,4980009,,,,,,,Projects
HAKAI,CALVERT,5072121,51.62138,-127.841,15.0,chart,,,Projects
HAKAI,CALVERT,5101065,,,,,,,Projects
HAKAI,CALVERT,5149353,,,,,,,Projects
HAKAI,CALVERT,5157129,,,,,,,Projects
HAKAI,CALVERT,5270265,51.3585800000001,-127.8042,30.0,chart,,,Projects
HAKAI,CALVERT,529209,51.4927700000001,-127.680083,10.0,chart,,,Projects
HAKAI,CALVERT,5356713,,,,,,,Projects
HAKAI,CALVERT,536 OUTLET,,,,,,,Watershed
HAKAI,CALVERT,545961,,,,,,,Projects
HAKAI,CALVERT,556 OUTLET,,,,,,,Watershed
HAKAI,CALVERT,5694633,,,,,,,Projects
HAKAI,CALVERT,570 OUTLET,,,,,,,Watershed
HAKAI,CALVERT,579 OUTLET,,,,,,,Watershed
HAKAI,CALVERT,5835321,,,,,,,Projects
HAKAI,CALVERT,590 OUTLET,,,,,,,Watershed
HAKAI,CALVERT,5941305,51.5022000000001,-127.725333,5.0,chart,,,Projects
HAKAI,CALVERT,595 OUTLET,,,,,,,Watershed
HAKAI,CALVERT,596829,,,,,,,Projects
HAKAI,CALVERT,5BCH,,,,,,,Nearshore
HAKAI,CALVERT,5BCH_A,,,,,,,Nearshore
HAKAI,CALVERT,5BCH_B,,,,,,,Nearshore
HAKAI,CALVERT,5BCH_C,,,,,,,Nearshore
HAKAI,CALVERT,6057,,,,,,,Projects
HAKAI,CALVERT,6161193,,,,,,,Projects
HAKAI,CALVERT,6179337,,,,,,,Projects
HAKAI,CALVERT,618633,,,,,,,Projects
HAKAI,CALVERT,6214665,,,,,,,Projects
HAKAI,CALVERT,626 1,,,,,,,Nearshore
HAKAI,CALVERT,626 2,,,,,,,Nearshore
HAKAI,CALVERT,626 3,,,,,,,Nearshore
HAKAI,CALVERT,626 3P,,,,,,,Nearshore
HAKAI,CALVERT,626 4,,,,,,,Nearshore
HAKAI,CALVERT,626 5,,,,,,,Nearshore
HAKAI,CALVERT,626 6,,,,,,,Nearshore
HAKAI,CALVERT,626 6S,,,,,,,Nearshore
HAKAI,CALVERT,626 7,,,,,,,Nearshore
HAKAI,CALVERT,626 7S,,,,,,,Nearshore
HAKAI,CALVERT,626 8,,,,,,,Nearshore
HAKAI,CALVERT,626 8S,,,,,,,Nearshore
HAKAI,CALVERT,626 A,,,,,,,Nearshore
HAKAI,CALVERT,626 B,,,,,,,Nearshore
HAKAI,CALVERT,626 C,,,,,,,Nearshore
HAKAI,CALVERT,626 D,,,,,,,Nearshore
HAKAI,CALVERT,626 DISCHARGEDS,,,,,626,626,Watershed
HAKAI,CALVERT,626 E,,,,,,,Nearshore
HAKAI,CALVERT,626 ES,,,,,,,Nearshore
HAKAI,CALVERT,626 OUTLET,51.641718,-128.120582,,land,,,Watershed
HAKAI,CALVERT,626 RSL,,,,,,,Nearshore
HAKAI,CALVERT,626 SSN626US,,,,,626,626,Watershed
HAKAI,CALVERT,626 WTW22,,,,,,,Nearshore
HAKAI,CALVERT,626 WTW23,,,,,,,Nearshore
HAKAI,CALVERT,626 WTW24,,,,,,,Nearshore
HAKAI,CALVERT,635049,,,,,,,Projects
HAKAI,CALVERT,646 OUTLET,,,,,,,Watershed
HAKAI,CALVERT,6490377,51.8332500000001,-128.113117,30.0,chart,,,Projects
HAKAI,CALVERT,656 OUTLET,,,,,,,Watershed
HAKAI,CALVERT,659 OUTLET,,,,,,,Watershed
HAKAI,CALVERT,669405,,,,,,,Projects
HAKAI,CALVERT,671 OUTLET,,,,,,,Watershed
HAKAI,CALVERT,6715017,,,,,,,Projects
HAKAI,CALVERT,6784041,,,,,,,Projects
HAKAI,CALVERT,683001,,,,,,,Projects
HAKAI,CALVERT,684729,,,,,,,Projects
HAKAI,CALVERT,693 1,,,,,,,Nearshore
HAKAI,CALVERT,693 2,,,,,,,Nearshore
HAKAI,CALVERT,693 3,,,,,,,Nearshore
HAKAI,CALVERT,693 4,,,,,,,Nearshore
HAKAI,CALVERT,693 4P,,,,,,,Nearshore
HAKAI,CALVERT,693 5,,,,,,,Nearshore
HAKAI,CALVERT,693 6,,,,,,,Nearshore
HAKAI,CALVERT,693 892,,,,,,,Nearshore
HAKAI,CALVERT,693 892 BELOWTHERMOCLINE,,,,,693,892,Watershed
HAKAI,CALVERT,693 892 BOTTOM,51.6424000000001,-127.99696,,,693,892,Watershed
HAKAI,CALVERT,693 892 INLETEAST,,,,,693,892,Watershed
HAKAI,CALVERT,693 892 INLETS,51.64125999,-127.999103,,land,693,892,Watershed
HAKAI,CALVERT,693 892 INLETSE,51.64106302,-127.994972,,land,693,892,Watershed
HAKAI,CALVERT,693 892 INLETSOUTH,,,,,693,892,Watershed
HAKAI,CALVERT,693 892 INLETSOUTHEAST,,,,,693,892,Watershed
HAKAI,CALVERT,693 892 OUTLET,51.6452090000001,-127.998269,,land,693,892,Watershed
HAKAI,CALVERT,693 892 PHOTIC,,,,,693,892,Watershed
HAKAI,CALVERT,693 892 SURFACE,51.6424000000001,-127.99696,,,693,892,Watershed
HAKAI,CALVERT,693 892 THERMO,,,,,693,892,Watershed
HAKAI,CALVERT,693 892_BOTTOM,,,,,,,Nearshore
HAKAI,CALVERT,693 892_INLETEAST,,,,,,,Nearshore
HAKAI,CALVERT,693 892_INLETSOUTH,,,,,,,Nearshore
HAKAI,CALVERT,693 892_OUTLET,,,,,,,Nearshore
HAKAI,CALVERT,693 892_SURFACE,,,,,,,Nearshore
HAKAI,CALVERT,693 8S,,,,,,,Nearshore
HAKAI,CALVERT,693 931,,,,,,,Nearshore
HAKAI,CALVERT,693 931 BOTTOM,51.6378330000001,-128.00194,,,693,931,Watershed
HAKAI,CALVERT,693 931 INLET,51.6358653460001,-127.99906505,,land,693,931,Watershed
HAKAI,CALVERT,693 931 OUTLET,51.6396319,-128.000564,,land,693,931,Watershed
HAKAI,CALVERT,693 931 SURFACE,51.6378330000001,-128.00194,,,693,931,Watershed
HAKAI,CALVERT,693 931_BOTTOM,,,,,,,Nearshore
HAKAI,CALVERT,693 931_INLET,,,,,,,Nearshore
HAKAI,CALVERT,693 931_OUTLET,,,,,,,Nearshore
HAKAI,CALVERT,693 931_SURFACE,,,,,,,Nearshore
HAKAI,CALVERT,693 964,,,,,,,Nearshore
HAKAI,CALVERT,693 964 INLETSOUTH,51.6321490390001,-127.990610321,,land,693,964,Watershed
HAKAI,CALVERT,693 964 INLETWEST,51.6324200000001,-127.993354,,land,693,964,Watershed
HAKAI,CALVERT,693 964 OUTLET,51.6339570000001,-127.992874,,land,693,964,Watershed
HAKAI,CALVERT,693 964_INLETSOUTH,,,,,,,Nearshore
HAKAI,CALVERT,693 964_INLETWEST,,,,,,,Nearshore
HAKAI,CALVERT,693 964_OUTLET,,,,,,,Nearshore
HAKAI,CALVERT,693 984,,,,,,,Nearshore
HAKAI,CALVERT,693 984 BOTTOM,51.6310390000001,-127.977802,,,693,984,Watershed
HAKAI,CALVERT,693 984 INLET,51.629867,-127.97469,,land,693,984,Watershed
HAKAI,CALVERT,693 984 OUTLET,51.631246,-127.98646,,land,693,984,Watershed
HAKAI,CALVERT,693 984 SURFACE,51.6310390000001,-127.977802,,,693,984,Watershed
HAKAI,CALVERT,693 984_BOTTOM,,,,,,,Nearshore
HAKAI,CALVERT,693 984_INLET,,,,,,,Nearshore
HAKAI,CALVERT,693 984_OUTLET,,,,,,,Nearshore
HAKAI,CALVERT,693 984_SURFACE,,,,,,,Nearshore
HAKAI,CALVERT,693 A,,,,,,,Nearshore
HAKAI,CALVERT,693 B,,,,,,,Nearshore
HAKAI,CALVERT,693 BELOWTHERMOCLINE,,,,,693,693,Watershed
HAKAI,CALVERT,693 BOTTOM,,,,,,,Nearshore
HAKAI,CALVERT,693 C,,,,,,,Nearshore
HAKAI,CALVERT,693 D,,,,,,,Nearshore
HAKAI,CALVERT,693 DISCHARGEUS,,,,,693,693,Watershed
HAKAI,CALVERT,693 ES,,,,,,,Nearshore
HAKAI,CALVERT,693 H2,,,,,,,Nearshore
HAKAI,CALVERT,693 H2 BOTTOM,,,,,,,Nearshore
HAKAI,CALVERT,693 H2 INLET,,,,,,,Nearshore
HAKAI,CALVERT,693 H2 OUTLET,,,,,,,Nearshore
HAKAI,CALVERT,693 H2 SURFACE,,,,,,,Nearshore
HAKAI,CALVERT,693 H2BOTTOM,,,,,693,693,Watershed
HAKAI,CALVERT,693 H2INLET,,,,,693,693,Watershed
HAKAI,CALVERT,693 H2OUTLET,,,,,693,693,Watershed
HAKAI,CALVERT,693 H2SURFACE,,,,,693,693,Watershed
HAKAI,CALVERT,693 H3,,,,,,,Nearshore
HAKAI,CALVERT,693 H3 INLET,,,,,,,Nearshore
HAKAI,CALVERT,693 H3 OUTLET,,,,,,,Nearshore
HAKAI,CALVERT,693 H3INLET,,,,,693,693,Watershed
HAKAI,CALVERT,693 H3OUTLET,,,,,693,693,Watershed
HAKAI,CALVERT,693 H4,,,,,,,Nearshore
HAKAI,CALVERT,693 H4 INLET WEST,,,,,,,Nearshore
HAKAI,CALVERT,693 H4 OUTLET,,,,,,,Nearshore
HAKAI,CALVERT,693 H4 SOUTH INLET,,,,,,,Nearshore
HAKAI,CALVERT,693 H4INLETWEST,,,,,693,693,Watershed
HAKAI,CALVERT,693 H4OUTLET,,,,,693,693,Watershed
HAKAI,CALVERT,693 H4SOUTHINLET,,,,,693,693,Watershed
HAKAI,CALVERT,693 H5,,,,,,,Nearshore
HAKAI,CALVERT,693 H5 BOTTOM,,,,,,,Nearshore
HAKAI,CALVERT,693 H5 INLET,,,,,,,Nearshore
HAKAI,CALVERT,693 H5 OUTLET,,,,,,,Nearshore
HAKAI,CALVERT,693 H5 SURFACE,,,,,,,Nearshore
HAKAI,CALVERT,693 H5-INLET E,,,,,,,Nearshore
HAKAI,CALVERT,693 H5-INLET S,,,,,,,Nearshore
HAKAI,CALVERT,693 H5-OUTLET,,,,,,,Nearshore
HAKAI,CALVERT,693 H5-SURFACE,,,,,,,Nearshore
HAKAI,CALVERT,693 H5BOTTOM,,,,,693,693,Watershed
HAKAI,CALVERT,693 H5INLET,,,,,,,Nearshore
HAKAI,CALVERT,693 H5INLETE,,,,,693,693,Watershed
HAKAI,CALVERT,693 H5INLETS,,,,,693,693,Watershed
HAKAI,CALVERT,693 H5OUTLET,,,,,,,Nearshore
HAKAI,CALVERT,693 H5SURFACE,,,,,,,Nearshore
HAKAI,CALVERT,693 INLETS,51.64125999,-127.999103,,,,,Watershed
HAKAI,CALVERT,693 INLETSE,51.64106302,-127.994972,,,,,Watershed
HAKAI,CALVERT,693 OUTLET,51.647923,-127.996399,,land,,,Watershed
HAKAI,CALVERT,693 PHOTIC,,,,,693,693,Watershed
HAKAI,CALVERT,693 RSL,,,,,,,Nearshore
HAKAI,CALVERT,693 SURFACE,,,,,,,Nearshore
HAKAI,CALVERT,693 THERMO,,,,,693,693,Watershed
HAKAI,CALVERT,693 US,,,,,693,693,Watershed
HAKAI,CALVERT,7,,,,,,,Projects
HAKAI,CALVERT,702009,,,,,,,Projects
HAKAI,CALVERT,703 1,,,,,,,Nearshore
HAKAI,CALVERT,703 2,,,,,,,Nearshore
HAKAI,CALVERT,703 3,,,,,,,Nearshore
HAKAI,CALVERT,703 4,,,,,,,Nearshore
HAKAI,CALVERT,703 5,,,,,,,Nearshore
HAKAI,CALVERT,703 5P,,,,,,,Nearshore
HAKAI,CALVERT,703 6,,,,,,,Nearshore
HAKAI,CALVERT,703 7,,,,,,,Nearshore
HAKAI,CALVERT,703 8,,,,,,,Nearshore
HAKAI,CALVERT,703 A,51.649639,-128.02578,,,,,Nearshore
HAKAI,CALVERT,703 A0,,,,,,,Nearshore
HAKAI,CALVERT,703 A1,,,,,,,Nearshore
HAKAI,CALVERT,703 B,51.649972,-128.02542,,,,,Nearshore
HAKAI,CALVERT,703 B0,,,,,,,Nearshore
HAKAI,CALVERT,703 B1,,,,,,,Nearshore
HAKAI,CALVERT,703 B5,,,,,,,Nearshore
HAKAI,CALVERT,703 BS,,,,,,,Nearshore
HAKAI,CALVERT,703 C,51.650544,-128.02575,,,,,Nearshore
HAKAI,CALVERT,703 C0,,,,,,,Nearshore
HAKAI,CALVERT,703 C1,,,,,,,Nearshore
HAKAI,CALVERT,703 C5,,,,,,,Nearshore
HAKAI,CALVERT,703 CO21,,,,,703,703,Watershed
HAKAI,CALVERT,703 CO22,,,,,703,703,Watershed
HAKAI,CALVERT,703 CO24,,,,,703,703,Watershed
HAKAI,CALVERT,703 CO27,,,,,703,703,Watershed
HAKAI,CALVERT,703 CO28,,,,,703,703,Watershed
HAKAI,CALVERT,703 CO2_1,,,,,703,703,Watershed
HAKAI,CALVERT,703 CO2_2,,,,,703,703,Watershed
HAKAI,CALVERT,703 CO2_3,,,,,703,703,Watershed
HAKAI,CALVERT,703 CO2_4,,,,,703,703,Watershed
HAKAI,CALVERT,703 CO2_5,,,,,703,703,Watershed
HAKAI,CALVERT,703 CO2_6,,,,,703,703,Watershed
HAKAI,CALVERT,703 CO2_7,,,,,703,703,Watershed
HAKAI,CALVERT,703 CO2_8,,,,,703,703,Watershed
HAKAI,CALVERT,703 CO2_9,,,,,703,703,Watershed
HAKAI,CALVERT,703 D,51.65099,-128.02623,,,,,Nearshore
HAKAI,CALVERT,703 D0,,,,,,,Nearshore
HAKAI,CALVERT,703 D1,,,,,,,Nearshore
HAKAI,CALVERT,703 D5,,,,,,,Nearshore
HAKAI,CALVERT,703 DISCHARGEUS,,,,,703,703,Watershed
HAKAI,CALVERT,703 E,51.650982,-128.02402,,,,,Nearshore
HAKAI,CALVERT,703 E0,,,,,,,Nearshore
HAKAI,CALVERT,703 E1,,,,,,,Nearshore
HAKAI,CALVERT,703 E5,,,,,,,Nearshore
HAKAI,CALVERT,703 F,51.651572,-128.02494,,,,,Nearshore
HAKAI,CALVERT,703 F0,,,,,,,Nearshore
HAKAI,CALVERT,703 F1,,,,,,,Nearshore
HAKAI,CALVERT,703 F5,,,,,,,Nearshore
HAKAI,CALVERT,703 GAS1,,,,,703,703,Watershed
HAKAI,CALVERT,703 GAS10,,,,,703,703,Watershed
HAKAI,CALVERT,703 GAS11,,,,,703,703,Watershed
HAKAI,CALVERT,703 GAS12,,,,,703,703,Watershed
HAKAI,CALVERT,703 GAS13,,,,,703,703,Watershed
HAKAI,CALVERT,703 GAS14,,,,,703,703,Watershed
HAKAI,CALVERT,703 GAS15,,,,,703,703,Watershed
HAKAI,CALVERT,703 GAS16,,,,,703,703,Watershed
HAKAI,CALVERT,703 GAS17,,,,,703,703,Watershed
HAKAI,CALVERT,703 GAS18,,,,,703,703,Watershed
HAKAI,CALVERT,703 GAS19,,,,,703,703,Watershed
HAKAI,CALVERT,703 GAS2,,,,,703,703,Watershed
HAKAI,CALVERT,703 GAS20,,,,,703,703,Watershed
HAKAI,CALVERT,703 GAS21,,,,,703,703,Watershed
HAKAI,CALVERT,703 GAS22,,,,,703,703,Watershed
HAKAI,CALVERT,703 GAS23,,,,,703,703,Watershed
HAKAI,CALVERT,703 GAS24,,,,,703,703,Watershed
HAKAI,CALVERT,703 GAS25,,,,,703,703,Watershed
HAKAI,CALVERT,703 GAS26,,,,,703,703,Watershed
HAKAI,CALVERT,703 GAS3,,,,,703,703,Watershed
HAKAI,CALVERT,703 GAS4,,,,,703,703,Watershed
HAKAI,CALVERT,703 GAS5,,,,,703,703,Watershed
HAKAI,CALVERT,703 GAS6,,,,,703,703,Watershed
HAKAI,CALVERT,703 GAS7,,,,,703,703,Watershed
HAKAI,CALVERT,703 GAS8,,,,,703,703,Watershed
HAKAI,CALVERT,703 GAS9,,,,,703,703,Watershed
HAKAI,CALVERT,703 OUTLET,51.6485300000001,-128.026062,,land,,,Watershed
HAKAI,CALVERT,703 RSL,,,,,,,Nearshore
HAKAI,CALVERT,703 SSN703US,,,,,703,703,Watershed
HAKAI,CALVERT,703 UPSTREAM,,,,,703,703,Watershed
HAKAI,CALVERT,703 US,,,,,703,703,Watershed
HAKAI,CALVERT,703 WTW19,,,,,,,Nearshore
HAKAI,CALVERT,703 WTW20,,,,,,,Nearshore
HAKAI,CALVERT,703 WTW21,,,,,,,Nearshore
HAKAI,CALVERT,703209,,,,,,,Projects
HAKAI,CALVERT,708 1,,,,,,,Nearshore
HAKAI,CALVERT,708 1-AS,,,,,,,Nearshore
HAKAI,CALVERT,708 1-RS,,,,,,,Nearshore
HAKAI,CALVERT,708 1AS,,,,,,,Nearshore
HAKAI,CALVERT,708 1RS,,,,,,,Nearshore
HAKAI,CALVERT,708 2,,,,,,,Nearshore
HAKAI,CALVERT,708 2-AS,,,,,,,Nearshore
HAKAI,CALVERT,708 2-RS,,,,,,,Nearshore
HAKAI,CALVERT,708 2AS,,,,,,,Nearshore
HAKAI,CALVERT,708 2RS,,,,,,,Nearshore
HAKAI,CALVERT,708 3,,,,,,,Nearshore
HAKAI,CALVERT,708 3-AS,,,,,,,Nearshore
HAKAI,CALVERT,708 3-RS,,,,,,,Nearshore
HAKAI,CALVERT,708 3AS,,,,,,,Nearshore
HAKAI,CALVERT,708 3P,,,,,,,Nearshore
HAKAI,CALVERT,708 3RS,,,,,,,Nearshore
HAKAI,CALVERT,708 4,,,,,,,Nearshore
HAKAI,CALVERT,708 4-AS,,,,,,,Nearshore
HAKAI,CALVERT,708 4-RS,,,,,,,Nearshore
HAKAI,CALVERT,708 4AS,,,,,,,Nearshore
HAKAI,CALVERT,708 4RS,,,,,,,Nearshore
HAKAI,CALVERT,708 5,,,,,,,Nearshore
HAKAI,CALVERT,708 5-AS,,,,,,,Nearshore
HAKAI,CALVERT,708 5AS,,,,,,,Nearshore
HAKAI,CALVERT,708 6,,,,,,,Nearshore
HAKAI,CALVERT,708 6-AS,,,,,,,Nearshore
HAKAI,CALVERT,708 6AS,,,,,,,Nearshore
HAKAI,CALVERT,708 6S,,,,,,,Nearshore
HAKAI,CALVERT,708 7,,,,,,,Nearshore
HAKAI,CALVERT,708 7-AS,,,,,,,Nearshore
HAKAI,CALVERT,708 7AS,,,,,,,Nearshore
HAKAI,CALVERT,708 7S,,,,,,,Nearshore
HAKAI,CALVERT,708 8-AS,,,,,,,Nearshore
HAKAI,CALVERT,708 877,,,,,,,Nearshore
HAKAI,CALVERT,708 877 BOTTOM,51.6471790000001,-128.068105,,,708,877,Watershed
HAKAI,CALVERT,708 877 INLET,51.6468942920001,-128.067564383,,land,708,877,Watershed
HAKAI,CALVERT,708 877 OUTLET,51.6484979890001,-128.068128216,,land,708,877,Watershed
HAKAI,CALVERT,708 877 SURFACE,51.6471790000001,-128.068105,,,708,877,Watershed
HAKAI,CALVERT,708 877_BOTTOM,,,,,,,Nearshore
HAKAI,CALVERT,708 877_INLET,,,,,,,Nearshore
HAKAI,CALVERT,708 877_OUTLET,,,,,,,Nearshore
HAKAI,CALVERT,708 877_SURFACE,,,,,,,Nearshore
HAKAI,CALVERT,708 8AS,,,,,,,Nearshore
HAKAI,CALVERT,708 9-AS,,,,,,,Nearshore
HAKAI,CALVERT,708 951,,,,,,,Nearshore
HAKAI,CALVERT,708 951 BELOWTHERMOCLINE,,,,,708,951,Watershed
HAKAI,CALVERT,708 951 BOTTOM,51.63226,-128.06519,,,708,951,Watershed
HAKAI,CALVERT,708 951 INLETS,51.62342104,-128.070492,,land,708,951,Watershed
HAKAI,CALVERT,708 951 INLETS2,,,,,708,951,Watershed
HAKAI,CALVERT,708 951 INLETSE,51.62476902,-128.067143,,land,708,951,Watershed
HAKAI,CALVERT,708 951 INLETSOUTH,,,,,708,951,Watershed
HAKAI,CALVERT,708 951 INLETSOUTH2,,,,,708,951,Watershed
HAKAI,CALVERT,708 951 INLETSOUTHEAST,,,,,708,951,Watershed
HAKAI,CALVERT,708 951 INLETW,51.6275539900001,-128.070939,,land,708,951,Watershed
HAKAI,CALVERT,708 951 INLETWEST,,,,,708,951,Watershed
HAKAI,CALVERT,708 951 OUTLET,51.636419,-128.067342,,land,708,951,Watershed
HAKAI,CALVERT,708 951 PHOTIC,,,,,708,951,Watershed
HAKAI,CALVERT,708 951 SURFACE,51.63226,-128.06519,,,708,951,Watershed
HAKAI,CALVERT,708 951 THERMO,,,,,708,951,Watershed
HAKAI,CALVERT,708 951 THERMOCLINE,,,,,708,951,Watershed
HAKAI,CALVERT,708 951_BOTTOM,,,,,,,Nearshore
HAKAI,CALVERT,708 951_INLETSOUTH,,,,,,,Nearshore
HAKAI,CALVERT,708 951_INLETSOUTHEAST,,,,,,,Nearshore
HAKAI,CALVERT,708 951_INLETWEST,,,,,,,Nearshore
HAKAI,CALVERT,708 951_OUTLET,,,,,,,Nearshore
HAKAI,CALVERT,708 951_SURFACE,,,,,,,Nearshore
HAKAI,CALVERT,708 9AS,,,,,,,Nearshore
HAKAI,CALVERT,708 A,51.6494,-128.06937,,,,,Nearshore
HAKAI,CALVERT,708 A-AS,,,,,,,Nearshore
HAKAI,CALVERT,708 A-RS,,,,,,,Nearshore
HAKAI,CALVERT,708 A0,,,,,,,Nearshore
HAKAI,CALVERT,708 A1,,,,,,,Nearshore
HAKAI,CALVERT,708 AAS,,,,,,,Nearshore
HAKAI,CALVERT,708 ARS,,,,,,,Nearshore
HAKAI,CALVERT,708 AS,,,,,,,Nearshore
HAKAI,CALVERT,708 ASL,,,,,708,708,Watershed
HAKAI,CALVERT,708 AUTOSAMPLE,,,,,708,708,Watershed
HAKAI,CALVERT,708 AUTOSAMPLER,,,,,708,708,Watershed
HAKAI,CALVERT,708 B,51.6504639,-128.06942,,,,,Nearshore
HAKAI,CALVERT,708 B-AS,,,,,,,Nearshore
HAKAI,CALVERT,708 B0,,,,,,,Nearshore
HAKAI,CALVERT,708 B1,,,,,,,Nearshore
HAKAI,CALVERT,708 B5,,,,,,,Nearshore
HAKAI,CALVERT,708 BAS,,,,,,,Nearshore
HAKAI,CALVERT,708 BELOWTHERMOCLINE,,,,,708,708,Watershed
HAKAI,CALVERT,708 BOTTOM,,,,,708,708,Watershed
HAKAI,CALVERT,708 C,51.650165,-128.06989,,,,,Nearshore
HAKAI,CALVERT,708 C-AS,,,,,,,Nearshore
HAKAI,CALVERT,708 C0,,,,,,,Nearshore
HAKAI,CALVERT,708 C1,,,,,,,Nearshore
HAKAI,CALVERT,708 C5,,,,,,,Nearshore
HAKAI,CALVERT,708 CAS,,,,,,,Nearshore
HAKAI,CALVERT,708 CO210,,,,,708,708,Watershed
HAKAI,CALVERT,708 CO22,,,,,708,708,Watershed
HAKAI,CALVERT,708 CO23,,,,,708,708,Watershed
HAKAI,CALVERT,708 CO26,,,,,708,708,Watershed
HAKAI,CALVERT,708 CO29,,,,,708,708,Watershed
HAKAI,CALVERT,708 CO2_1,,,,,708,708,Watershed
HAKAI,CALVERT,708 CO2_10,,,,,708,708,Watershed
HAKAI,CALVERT,708 CO2_2,,,,,708,708,Watershed
HAKAI,CALVERT,708 CO2_3,,,,,708,708,Watershed
HAKAI,CALVERT,708 CO2_4,,,,,708,708,Watershed
HAKAI,CALVERT,708 CO2_5,,,,,708,708,Watershed
HAKAI,CALVERT,708 CO2_6,,,,,708,708,Watershed
HAKAI,CALVERT,708 CO2_7,,,,,708,708,Watershed
HAKAI,CALVERT,708 CO2_8,,,,,708,708,Watershed
HAKAI,CALVERT,708 CO2_9,,,,,708,708,Watershed
HAKAI,CALVERT,708 D,51.6513515,-128.06909,,,,,Nearshore
HAKAI,CALVERT,708 D-AS,,,,,,,Nearshore
HAKAI,CALVERT,708 D0,,,,,,,Nearshore
HAKAI,CALVERT,708 D1,,,,,,,Nearshore
HAKAI,CALVERT,708 D5,,,,,,,Nearshore
HAKAI,CALVERT,708 DAS,,,,,,,Nearshore
HAKAI,CALVERT,708 E,51.6511014,-128.06989,,,,,Nearshore
HAKAI,CALVERT,708 E-AS,,,,,,,Nearshore
HAKAI,CALVERT,708 E0,,,,,,,Nearshore
HAKAI,CALVERT,708 E1,,,,,,,Nearshore
HAKAI,CALVERT,708 E5,,,,,,,Nearshore
HAKAI,CALVERT,708 EAS,,,,,,,Nearshore
HAKAI,CALVERT,708 F,51.651173,-128.07038,,,,,Nearshore
HAKAI,CALVERT,708 F-AS,,,,,,,Nearshore
HAKAI,CALVERT,708 F0,,,,,,,Nearshore
HAKAI,CALVERT,708 F1,,,,,,,Nearshore
HAKAI,CALVERT,708 F5,,,,,,,Nearshore
HAKAI,CALVERT,708 FAS,,,,,,,Nearshore
HAKAI,CALVERT,708 G,51.64981,-128.06946,,,,,Nearshore
HAKAI,CALVERT,708 G-AS,,,,,,,Nearshore
HAKAI,CALVERT,708 G0,,,,,,,Nearshore
HAKAI,CALVERT,708 G1,,,,,,,Nearshore
HAKAI,CALVERT,708 GAS,,,,,,,Nearshore
HAKAI,CALVERT,708 GAS25,,,,,708,708,Watershed
HAKAI,CALVERT,708 GAS26,,,,,708,708,Watershed
HAKAI,CALVERT,708 GAS27,,,,,708,708,Watershed
HAKAI,CALVERT,708 GAS28,,,,,708,708,Watershed
HAKAI,CALVERT,708 GAS29,,,,,708,708,Watershed
HAKAI,CALVERT,708 GAS30,,,,,708,708,Watershed
HAKAI,CALVERT,708 GAS31,,,,,708,708,Watershed
HAKAI,CALVERT,708 GAS32,,,,,708,708,Watershed
HAKAI,CALVERT,708 GAS33,,,,,708,708,Watershed
HAKAI,CALVERT,708 GAS34,,,,,708,708,Watershed
HAKAI,CALVERT,708 GAS35,,,,,708,708,Watershed
HAKAI,CALVERT,708 GAS36,,,,,708,708,Watershed
HAKAI,CALVERT,708 GAS37,,,,,708,708,Watershed
HAKAI,CALVERT,708 GAS38,,,,,708,708,Watershed
HAKAI,CALVERT,708 GAS39,,,,,708,708,Watershed
HAKAI,CALVERT,708 GAS40,,,,,708,708,Watershed
HAKAI,CALVERT,708 GAS41,,,,,708,708,Watershed
HAKAI,CALVERT,708 GAS42,,,,,708,708,Watershed
HAKAI,CALVERT,708 GAS43,,,,,708,708,Watershed
HAKAI,CALVERT,708 H-AS,,,,,,,Nearshore
HAKAI,CALVERT,708 H1,,,,,,,Nearshore
HAKAI,CALVERT,708 H1 BOTTOM,,,,,,,Nearshore
HAKAI,CALVERT,708 H1 INLET SOUTH,,,,,,,Nearshore
HAKAI,CALVERT,708 H1 INLET SOUTHEAST,,,,,,,Nearshore
HAKAI,CALVERT,708 H1 INLET WEST,,,,,,,Nearshore
HAKAI,CALVERT,708 H1 OUTLET,,,,,,,Nearshore
HAKAI,CALVERT,708 H1 SURFACE,,,,,,,Nearshore
HAKAI,CALVERT,708 H1BOTTOM,,,,,708,708,Watershed
HAKAI,CALVERT,708 H1INLETSOUTH,,,,,708,708,Watershed
HAKAI,CALVERT,708 H1INLETSOUTHEAST,,,,,708,708,Watershed
HAKAI,CALVERT,708 H1INLETWEST,,,,,708,708,Watershed
HAKAI,CALVERT,708 H1OUTLET,,,,,708,708,Watershed
HAKAI,CALVERT,708 H1SURFACE,,,,,708,708,Watershed
HAKAI,CALVERT,708 HAS,,,,,,,Nearshore
HAKAI,CALVERT,708 I-AS,,,,,,,Nearshore
HAKAI,CALVERT,708 IAS,,,,,,,Nearshore
HAKAI,CALVERT,708 INLETS,51.62342104,-128.070492,,,708,708,Watershed
HAKAI,CALVERT,708 INLETS2,,,,,708,708,Watershed
HAKAI,CALVERT,708 INLETSE,51.62476902,-128.067143,,,708,708,Watershed
HAKAI,CALVERT,708 INLETW,51.6275539900001,-128.070939,,,708,708,Watershed
HAKAI,CALVERT,708 J-AS,,,,,,,Nearshore
HAKAI,CALVERT,708 JAS,,,,,,,Nearshore
HAKAI,CALVERT,708 K-AS,,,,,,,Nearshore
HAKAI,CALVERT,708 KAS,,,,,,,Nearshore
HAKAI,CALVERT,708 L-AS,,,,,,,Nearshore
HAKAI,CALVERT,708 LAS,,,,,,,Nearshore
HAKAI,CALVERT,708 M-AS,,,,,,,Nearshore
HAKAI,CALVERT,708 MAS,,,,,,,Nearshore
HAKAI,CALVERT,708 N-AS,,,,,,,Nearshore
HAKAI,CALVERT,708 NAS,,,,,,,Nearshore
HAKAI,CALVERT,708 OUTLET,51.6491990000001,-128.068516,,land,,,Watershed
HAKAI,CALVERT,708 PHOTIC,,,,,708,708,Watershed
HAKAI,CALVERT,708 RSL,,,,,,,Nearshore
HAKAI,CALVERT,708 SSN708,,,,,708,708,Watershed
HAKAI,CALVERT,708 SURFACE,,,,,708,708,Watershed
HAKAI,CALVERT,708 THERMO,,,,,708,708,Watershed
HAKAI,CALVERT,708 THERMOCLINE,,,,,708,708,Watershed
HAKAI,CALVERT,708 UPSTREAM,,,,,708,708,Watershed
HAKAI,CALVERT,708 W2-BOTTOM,,,,,,,Nearshore
HAKAI,CALVERT,708 W2-INLET,,,,,,,Nearshore
HAKAI,CALVERT,708 W2-OUTLET,,,,,,,Nearshore
HAKAI,CALVERT,708 W2-SURFACE,,,,,,,Nearshore
HAKAI,CALVERT,708 W2BOTTOM,,,,,,,Nearshore
HAKAI,CALVERT,708 W2INLET,,,,,,,Nearshore
HAKAI,CALVERT,708 W2OUTLET,,,,,,,Nearshore
HAKAI,CALVERT,708 W2SURFACE,,,,,,,Nearshore
HAKAI,CALVERT,708 X-AS,,,,,,,Nearshore
HAKAI,CALVERT,708 XAS,,,,,,,Nearshore
HAKAI,CALVERT,708 Z-AS,,,,,,,Nearshore
HAKAI,CALVERT,708 ZAS,,,,,,,Nearshore
HAKAI,CALVERT,708A,,,,,,,Nearshore
HAKAI,CALVERT,708B,,,,,,,Nearshore
HAKAI,CALVERT,708D,,,,,,,Nearshore
HAKAI,CALVERT,708E,,,,,,,Nearshore
HAKAI,CALVERT,708F,,,,,,,Nearshore
HAKAI,CALVERT,708G,,,,,,,Nearshore
HAKAI,CALVERT,709 RSL,,,,,709,709,Watershed
HAKAI,CALVERT,710 RSL,,,,,710,710,Watershed
HAKAI,CALVERT,711 RSL,,,,,711,711,Watershed
HAKAI,CALVERT,711081,,,,,,,Projects
HAKAI,CALVERT,712 OUTLET,,,,,,,Watershed
HAKAI,CALVERT,712 RSL,,,,,712,712,Watershed
HAKAI,CALVERT,713 RSL,,,,,713,713,Watershed
HAKAI,CALVERT,714 RSL,,,,,714,714,Watershed
HAKAI,CALVERT,715 RSL,,,,,715,715,Watershed
HAKAI,CALVERT,716 RSL,,,,,716,716,Watershed
HAKAI,CALVERT,717 RSL,,,,,717,717,Watershed
HAKAI,CALVERT,717561,,,,,,,Projects
HAKAI,CALVERT,718 OUTLET,,,,,,,Watershed
HAKAI,CALVERT,718 RSL,,,,,718,718,Watershed
HAKAI,CALVERT,719 RSL,,,,,719,719,Watershed
HAKAI,CALVERT,720 RSL,,,,,720,720,Watershed
HAKAI,CALVERT,721 RSL,,,,,721,721,Watershed
HAKAI,CALVERT,722 RSL,,,,,722,722,Watershed
HAKAI,CALVERT,723 RSL,,,,,723,723,Watershed
HAKAI,CALVERT,724 RSL,,,,,724,724,Watershed
HAKAI,CALVERT,7248873,,,,,,,Projects
HAKAI,CALVERT,725 RSL,,,,,725,725,Watershed
HAKAI,CALVERT,7250697,,,,,,,Projects
HAKAI,CALVERT,726 RSL,,,,,726,726,Watershed
HAKAI,CALVERT,727 RSL,,,,,727,727,Watershed
HAKAI,CALVERT,728 RSL,,,,,728,728,Watershed
HAKAI,CALVERT,729 RSL,,,,,729,729,Watershed
HAKAI,CALVERT,730 RSL,,,,,730,730,Watershed
HAKAI,CALVERT,731 RSL,,,,,731,731,Watershed
HAKAI,CALVERT,732 RSL,,,,,732,732,Watershed
HAKAI,CALVERT,7323753,,,,,,,Projects
HAKAI,CALVERT,733 RSL,,,,,733,733,Watershed
HAKAI,CALVERT,734 RSL,,,,,734,734,Watershed
HAKAI,CALVERT,735 RSL,,,,,735,735,Watershed
HAKAI,CALVERT,736 RSL,,,,,736,736,Watershed
HAKAI,CALVERT,7455033,51.5066200000001,-127.696617,0.0,chart,,,Projects
HAKAI,CALVERT,757 OUTLET,,,,,,,Watershed
HAKAI,CALVERT,775737,,,,,,,Projects
HAKAI,CALVERT,793 F5,,,,,,,Nearshore
HAKAI,CALVERT,79401,51.92287,-128.2808,49.0,CHS NONNA10 Bathymetry,,,Projects
HAKAI,CALVERT,796473,,,,,,,Projects
HAKAI,CALVERT,8,,,,,,,Projects
HAKAI,CALVERT,8054073,,,,,,,Projects
HAKAI,CALVERT,808713,51.7438700000001,-128.1013833,5.0,chart,,,Projects
HAKAI,CALVERT,8187177,,,,,,,Projects
HAKAI,CALVERT,819 1,,,,,,,Nearshore
HAKAI,CALVERT,819 2,,,,,,,Nearshore
HAKAI,CALVERT,819 3,,,,,,,Nearshore
HAKAI,CALVERT,819 4,,,,,,,Nearshore
HAKAI,CALVERT,819 4P,,,,,,,Nearshore
HAKAI,CALVERT,819 6,,,,,,,Nearshore
HAKAI,CALVERT,819 6S,,,,,,,Nearshore
HAKAI,CALVERT,819 7,,,,,,,Nearshore
HAKAI,CALVERT,819 7S,,,,,,,Nearshore
HAKAI,CALVERT,819 8S,,,,,,,Nearshore
HAKAI,CALVERT,819 A,51.65696,-128.042,,,,,Nearshore
HAKAI,CALVERT,819 A0,,,,,,,Nearshore
HAKAI,CALVERT,819 A1,,,,,,,Nearshore
HAKAI,CALVERT,819 B,51.6565604,-128.0421,,,,,Nearshore
HAKAI,CALVERT,819 B0,,,,,,,Nearshore
HAKAI,CALVERT,819 B1,,,,,,,Nearshore
HAKAI,CALVERT,819 B5,,,,,,,Nearshore
HAKAI,CALVERT,819 C,51.656695,-128.0414,,,,,Nearshore
HAKAI,CALVERT,819 C0,,,,,,,Nearshore
HAKAI,CALVERT,819 C1,,,,,,,Nearshore
HAKAI,CALVERT,819 C5,,,,,,,Nearshore
HAKAI,CALVERT,819 CO2_1,,,,,819,819,Watershed
HAKAI,CALVERT,819 CO2_10,,,,,819,819,Watershed
HAKAI,CALVERT,819 CO2_11,,,,,819,819,Watershed
HAKAI,CALVERT,819 CO2_12,,,,,819,819,Watershed
HAKAI,CALVERT,819 CO2_13,,,,,819,819,Watershed
HAKAI,CALVERT,819 CO2_14,,,,,819,819,Watershed
HAKAI,CALVERT,819 CO2_15,,,,,819,819,Watershed
HAKAI,CALVERT,819 CO2_16,,,,,819,819,Watershed
HAKAI,CALVERT,819 CO2_2,,,,,819,819,Watershed
HAKAI,CALVERT,819 CO2_3,,,,,819,819,Watershed
HAKAI,CALVERT,819 CO2_4,,,,,819,819,Watershed
HAKAI,CALVERT,819 CO2_5,,,,,819,819,Watershed
HAKAI,CALVERT,819 CO2_6,,,,,819,819,Watershed
HAKAI,CALVERT,819 CO2_7,,,,,819,819,Watershed
HAKAI,CALVERT,819 CO2_8,,,,,819,819,Watershed
HAKAI,CALVERT,819 CO2_9,,,,,819,819,Watershed
HAKAI,CALVERT,819 D,51.656103,-128.04067,,,,,Nearshore
HAKAI,CALVERT,819 D0,,,,,,,Nearshore
HAKAI,CALVERT,819 D1,,,,,,,Nearshore
HAKAI,CALVERT,819 D5,,,,,,,Nearshore
HAKAI,CALVERT,819 DISCHARGEUS,,,,,819,819,Watershed
HAKAI,CALVERT,819 E,51.65617,-128.04294,,,,,Nearshore
HAKAI,CALVERT,819 E0,,,,,,,Nearshore
HAKAI,CALVERT,819 E1,,,,,,,Nearshore
HAKAI,CALVERT,819 E5,,,,,,,Nearshore
HAKAI,CALVERT,819 ES,,,,,,,Nearshore
HAKAI,CALVERT,819 F,51.6558379,-128.04184,,,,,Nearshore
HAKAI,CALVERT,819 F0,,,,,,,Nearshore
HAKAI,CALVERT,819 F1,,,,,,,Nearshore
HAKAI,CALVERT,819 F5,,,,,,,Nearshore
HAKAI,CALVERT,819 GAS43,,,,,819,819,Watershed
HAKAI,CALVERT,819 GAS44,,,,,819,819,Watershed
HAKAI,CALVERT,819 GAS45,,,,,819,819,Watershed
HAKAI,CALVERT,819 GAS46,,,,,819,819,Watershed
HAKAI,CALVERT,819 GAS47,,,,,819,819,Watershed
HAKAI,CALVERT,819 GAS48,,,,,819,819,Watershed
HAKAI,CALVERT,819 GAS49,,,,,819,819,Watershed
HAKAI,CALVERT,819 GAS50,,,,,819,819,Watershed
HAKAI,CALVERT,819 GAS51,,,,,819,819,Watershed
HAKAI,CALVERT,819 GAS52,,,,,819,819,Watershed
HAKAI,CALVERT,819 GAS53,,,,,819,819,Watershed
HAKAI,CALVERT,819 GAS54,,,,,819,819,Watershed
HAKAI,CALVERT,819 GAS55,,,,,819,819,Watershed
HAKAI,CALVERT,819 GAS56,,,,,819,819,Watershed
HAKAI,CALVERT,819 GAS57,,,,,819,819,Watershed
HAKAI,CALVERT,819 GAS58,,,,,819,819,Watershed
HAKAI,CALVERT,819 GAS59,,,,,819,819,Watershed
HAKAI,CALVERT,819 GAS60,,,,,819,819,Watershed
HAKAI,CALVERT,819 GAS61,,,,,819,819,Watershed
HAKAI,CALVERT,819 GAS62,,,,,819,819,Watershed
HAKAI,CALVERT,819 GAS63,,,,,819,819,Watershed
HAKAI,CALVERT,819 GAS64,,,,,819,819,Watershed
HAKAI,CALVERT,819 GAS65,,,,,819,819,Watershed
HAKAI,CALVERT,819 GAS66,,,,,819,819,Watershed
HAKAI,CALVERT,819 GAS67,,,,,819,819,Watershed
HAKAI,CALVERT,819 GAS68,,,,,819,819,Watershed
HAKAI,CALVERT,819 GAS69,,,,,819,819,Watershed
HAKAI,CALVERT,819 GAS70,,,,,819,819,Watershed
HAKAI,CALVERT,819 GAS71,,,,,819,819,Watershed
HAKAI,CALVERT,819 GAS72,,,,,819,819,Watershed
HAKAI,CALVERT,819 GAS73,,,,,819,819,Watershed
HAKAI,CALVERT,819 GAS74,,,,,819,819,Watershed
HAKAI,CALVERT,819 OUTLET,51.6573750000001,-128.042222,,land,,,Watershed
HAKAI,CALVERT,819 RSL,,,,,,,Nearshore
HAKAI,CALVERT,819 SC10,,,,,,,Nearshore
HAKAI,CALVERT,819 SSN819US,,,,,819,819,Watershed
HAKAI,CALVERT,819 UPSTREAM,,,,,819,819,Watershed
HAKAI,CALVERT,819 US,,,,,819,819,Watershed
HAKAI,CALVERT,819 WTW23,,,,,,,Nearshore
HAKAI,CALVERT,819 WTW25,,,,,,,Nearshore
HAKAI,CALVERT,819 WTW26,,,,,,,Nearshore
HAKAI,CALVERT,819 WTW27,,,,,,,Nearshore
HAKAI,CALVERT,819 WTW28,,,,,,,Nearshore
HAKAI,CALVERT,819 WTW29,,,,,,,Nearshore
HAKAI,CALVERT,819 WTW30,,,,,,,Nearshore
HAKAI,CALVERT,819 WTW31,,,,,,,Nearshore
HAKAI,CALVERT,819 WTW32,,,,,,,Nearshore
HAKAI,CALVERT,819 WTW33,,,,,,,Nearshore
HAKAI,CALVERT,819 WTW34,,,,,,,Nearshore
HAKAI,CALVERT,819 WTW35,,,,,,,Nearshore
HAKAI,CALVERT,819 WTW36,,,,,,,Nearshore
HAKAI,CALVERT,819 WTW37,,,,,,,Nearshore
HAKAI,CALVERT,819 WTW38,,,,,,,Nearshore
HAKAI,CALVERT,819 WTW39,,,,,,,Nearshore
HAKAI,CALVERT,819 WTW40,,,,,,,Nearshore
HAKAI,CALVERT,819 WTW41,,,,,,,Nearshore
HAKAI,CALVERT,819 WTW42,,,,,,,Nearshore
HAKAI,CALVERT,8307165,,,,,,,Projects
HAKAI,CALVERT,832 OUTLET,,,,,,,Watershed
HAKAI,CALVERT,842205,52.03358,-128.465867,42.0,CHS and NRCan Multibeam Echo Sounder Bathymetry,,,Projects
HAKAI,CALVERT,844 1,,,,,,,Nearshore
HAKAI,CALVERT,844 2,,,,,,,Nearshore
HAKAI,CALVERT,844 2P,,,,,,,Nearshore
HAKAI,CALVERT,844 3,,,,,,,Nearshore
HAKAI,CALVERT,844 4,,,,,,,Nearshore
HAKAI,CALVERT,844 5,,,,,,,Nearshore
HAKAI,CALVERT,844 6,,,,,,,Nearshore
HAKAI,CALVERT,844 6S,,,,,,,Nearshore
HAKAI,CALVERT,844 7,,,,,,,Nearshore
HAKAI,CALVERT,844 7S,,,,,,,Nearshore
HAKAI,CALVERT,844 8S,,,,,,,Nearshore
HAKAI,CALVERT,844 A,,,,,,,Nearshore
HAKAI,CALVERT,844 AS,,,,,,,Nearshore
HAKAI,CALVERT,844 B,,,,,,,Nearshore
HAKAI,CALVERT,844 C,,,,,,,Nearshore
HAKAI,CALVERT,844 D,,,,,,,Nearshore
HAKAI,CALVERT,844 DISCHARGEUS,,,,,844,844,Watershed
HAKAI,CALVERT,844 E,,,,,,,Nearshore
HAKAI,CALVERT,844 OUTLET,51.6581830000001,-128.002068,,land,,,Watershed
HAKAI,CALVERT,844 RSL,,,,,,,Nearshore
HAKAI,CALVERT,844 SSN844US,,,,,844,844,Watershed
HAKAI,CALVERT,844 US,,,,,844,844,Watershed
HAKAI,CALVERT,844 WSN,,,,,844,844,Watershed
HAKAI,CALVERT,844 WSN844,51.6613889000001,-127.9975,,land,844,844,Watershed
HAKAI,CALVERT,852777,,,,,,,Projects
HAKAI,CALVERT,857 OUTLET,,,,,,,Watershed
HAKAI,CALVERT,907641,,,,,,,Projects
HAKAI,CALVERT,9306921,,,,,,,Projects
HAKAI,CALVERT,94941,,,,,,,Projects
HAKAI,CALVERT,952 OUTLET,,,,,,,Watershed
HAKAI,CALVERT,9789149,,,,,,,Projects
HAKAI,CALVERT,A,,,,,,,Nearshore
HAKAI,CALVERT,ALCOVE,51.6752000000001,-128.1162,2.0,CHS NONNA10 Bathymetry,,,Nearshore
HAKAI,CALVERT,ARM05,,,,,,,Nearshore
HAKAI,CALVERT,ARMS01,51.70118333,-128.0738667,1.0,chart,,,Nearshore
HAKAI,CALVERT,ARMS02,51.7307333300001,-128.0090833,7.0,chart,,,Nearshore
HAKAI,CALVERT,ARMS03,51.7339000000001,-127.9967167,5.0,chart,,,Nearshore
HAKAI,CALVERT,ARMS04,51.7441833300001,-128.0713667,22.0,CHS NONNA10 Bathymetry,,,Nearshore
HAKAI,CALVERT,ARMS05,51.6490833300001,-128.1511667,2.0,chart,,,Nearshore
HAKAI,CALVERT,ARMS06,51.6491,-128.15525,2.0,chart,,,Nearshore
HAKAI,CALVERT,ARMS07,51.6646166700001,-128.0945833,3.0,chart,,,Nearshore
HAKAI,CALVERT,ARMS08,51.66703333,-128.13995,7.0,CHS NONNA10 Bathymetry,,,Nearshore
HAKAI,CALVERT,ARMS09,51.6802500000001,-128.1261,4.0,CHS NONNA10 Bathymetry,,,Nearshore
HAKAI,CALVERT,ARMS1,,,,,,,Nearshore
HAKAI,CALVERT,ARMS10,51.8036333300001,-128.2541667,2.0,chart,,,Nearshore
HAKAI,CALVERT,ARMS11,51.81435,-128.2370167,3.0,chart,,,Nearshore
HAKAI,CALVERT,ARMS12,51.84151667,-128.2643333,0.0,chart,,,Nearshore
HAKAI,CALVERT,ARMS2,,,,,,,Nearshore
HAKAI,CALVERT,ARMS3,,,,,,,Nearshore
HAKAI,CALVERT,ARMS4,,,,,,,Nearshore
HAKAI,CALVERT,ARMS5,,,,,,,Nearshore
HAKAI,CALVERT,ARMS6,,,,,,,Nearshore
HAKAI,CALVERT,ARMS7,,,,,,,Nearshore
HAKAI,CALVERT,ARMS8,,,,,,,Nearshore
HAKAI,CALVERT,ARMS9,,,,,,,Nearshore
HAKAI,CALVERT,ATHABASKA,,,,,,,Nearshore
HAKAI,CALVERT,A_EBB_11,,,,,,,Nearshore
HAKAI,CALVERT,A_HIGH11,,,,,,,Nearshore
HAKAI,CALVERT,A_LOW,,,,,,,Nearshore
HAKAI,CALVERT,A_LOW_11,,,,,,,Nearshore
HAKAI,CALVERT,B,,,,,,,Nearshore
HAKAI,CALVERT,BBLAUNCH,,,,,,,Nearshore
HAKAI,CALVERT,BBLAUNCHFEB,,,,,,,Nearshore
HAKAI,CALVERT,BBRECOVERY,,,,,,,Nearshore
HAKAI,CALVERT,BIODV1,,,,,,,Nearshore
HAKAI,CALVERT,BR1,,,,,,,Nearshore
HAKAI,CALVERT,BR1A,,,,,,,Nearshore
HAKAI,CALVERT,BR2,,,,,,,Nearshore
HAKAI,CALVERT,BR3,,,,,,,Nearshore
HAKAI,CALVERT,BR4,,,,,,,Nearshore
HAKAI,CALVERT,BR5,,,,,,,Nearshore
HAKAI,CALVERT,BR6,,,,,,,Nearshore
HAKAI,CALVERT,BR7,,,,,,,Nearshore
HAKAI,CALVERT,BR8,,,,,,,Nearshore
HAKAI,CALVERT,BRK01,51.9140000000001,-127.889,143.0,CHS NONNA10 Bathymetry,,,Oceanography
HAKAI,CALVERT,BRK02,51.9300000000001,-127.843,135.0,CHS NONNA10 Bathymetry,,,Oceanography
HAKAI,CALVERT,BRK03,51.946,-127.8,130.0,CHS NONNA10 Bathymetry,,,Oceanography
HAKAI,CALVERT,BRK04,51.955,-127.766,37.0,CHS NONNA10 Bathymetry,,,Oceanography
HAKAI,CALVERT,BRK05,51.958,-127.698,210.0,CHS NONNA10 Bathymetry,,,Oceanography
HAKAI,CALVERT,BUR1,51.9033000000001,-127.9467,346.0,CHS and NRCan Multibeam Echo Sounder Bathymetry,,,Oceanography
HAKAI,CALVERT,BUR10,52.3467000000001,-126.9517,440.0,chart,,,Oceanography
HAKAI,CALVERT,BUR11,52.38,-126.8333,250.0,chart,,,Oceanography
HAKAI,CALVERT,BUR12,52.2867000000001,-126.9667,440.0,chart,,,Oceanography
HAKAI,CALVERT,BUR13,52.1917,-126.9067,270.0,chart,,,Oceanography
HAKAI,CALVERT,BUR14,52.1233,-126.785,290.0,chart,,,Oceanography
HAKAI,CALVERT,BUR15,52.0533,-126.705,225.0,chart,,,Oceanography
HAKAI,CALVERT,BUR16,52.0033000000001,-126.6883,60.0,chart,,,Oceanography
HAKAI,CALVERT,BUR1A,51.9560999970001,-127.763100003,40.0,chart,,,Nearshore
HAKAI,CALVERT,BUR1A ,51.9560999970001,-127.763100003,40.0,chart,,,Nearshore
HAKAI,CALVERT,BUR1AN,51.9638944270001,-127.765562395,25.0,chart,,,Nearshore
HAKAI,CALVERT,BUR1AS,51.9506870550001,-127.764189011,29.0,CHS NONNA10 Bathymetry,,,Nearshore
HAKAI,CALVERT,BUR2,51.9783,-127.68,239.0,CHS NONNA10 Bathymetry,,,Oceanography
HAKAI,CALVERT,BUR2E,51.976008924,-127.66465513,124.0,CHS NONNA10 Bathymetry,,,Nearshore
HAKAI,CALVERT,BUR2W,51.9797699050001,-127.700355454,115.0,CHS NONNA10 Bathymetry,,,Nearshore
HAKAI,CALVERT,BUR3,52.0617,-127.6567,340.0,chart,,,Oceanography
HAKAI,CALVERT,BUR4,52.1367000000001,-127.5867,425.0,chart,,,Oceanography
HAKAI,CALVERT,BUR5,52.2,-127.48,580.0,chart,,,Oceanography
HAKAI,CALVERT,BUR6,52.2383,-127.3767,580.0,chart,,,Oceanography
HAKAI,CALVERT,BUR7,52.275,-127.2567,570.0,chart,,,Oceanography
HAKAI,CALVERT,BUR8,52.33,-127.18,550.0,chart,,,Oceanography
HAKAI,CALVERT,BUR9,52.3217000000001,-127.0467,510.0,chart,,,Oceanography
HAKAI,CALVERT,B_EBB_11,,,,,,,Nearshore
HAKAI,CALVERT,B_LOW_11,,,,,,,Nearshore
HAKAI,CALVERT,C,,,,,,,Nearshore
HAKAI,CALVERT,CALVERT COFFEE,,,,,CALVERT,CALVERT,Watershed
HAKAI,CALVERT,CALVERT TAPWATER,,,,,CALVERT,CALVERT,Watershed
HAKAI,CALVERT,CALVERT_LODGE_POND,,,,,,,Nearshore
HAKAI,CALVERT,CAMPRIVER CAMPRIVER,,,,,CAMPRIVER,CAMPRIVER,Watershed
HAKAI,CALVERT,CAS1,,,,,,,Nearshore
HAKAI,CALVERT,CAS2,,,,,,,Nearshore
HAKAI,CALVERT,CHI5,,,,,,,Nearshore
HAKAI,CALVERT,CHOKED_PASS_EDGE 7,,,,,CHOKED_PASS_EDGE,CHOKED_PASS_EDGE,Watershed
HAKAI,CALVERT,CHOKED_PASS_EDGE 8,,,,,CHOKED_PASS_EDGE,CHOKED_PASS_EDGE,Watershed
HAKAI,CALVERT,CHOKED_PASS_EDGE1,,,,,,,Nearshore
HAKAI,CALVERT,CHOKED_PASS_EDGE10,,,,,,,Nearshore
HAKAI,CALVERT,CHOKED_PASS_EDGE11,,,,,,,Nearshore
HAKAI,CALVERT,CHOKED_PASS_EDGE12,,,,,,,Nearshore
HAKAI,CALVERT,CHOKED_PASS_EDGE2,,,,,,,Nearshore
HAKAI,CALVERT,CHOKED_PASS_EDGE3,,,,,,,Nearshore
HAKAI,CALVERT,CHOKED_PASS_EDGE7,,,,,,,Nearshore
HAKAI,CALVERT,CHOKED_PASS_EDGE8,,,,,,,Nearshore
HAKAI,CALVERT,CHOKED_PASS_INTERIOR1,,,,,,,Nearshore
HAKAI,CALVERT,CHOKED_PASS_INTERIOR4,,,,,,,Nearshore
HAKAI,CALVERT,CHOKED_PASS_INTERIOR5,,,,,,,Nearshore
HAKAI,CALVERT,CHOKED_PASS_INTERIOR6,,,,,,,Nearshore
HAKAI,CALVERT,CHOKED_PASS_INTERIOR9,,,,,,,Nearshore
HAKAI,CALVERT,CHOKED_PASS_KELP2,,,,,,,Nearshore
HAKAI,CALVERT,CHP,51.67495,-128.12056,,,,,Nearshore
HAKAI,CALVERT,CHPE2,,,,,,,Nearshore
HAKAI,CALVERT,CUMSACK CMSK,,,,,CUMSACK,CUMSACK,Watershed
HAKAI,CALVERT,CUMSACK YSI14,,,,,CUMSACK,CUMSACK,Watershed
HAKAI,CALVERT,CUMSACK YSI15,,,,,CUMSACK,CUMSACK,Watershed
HAKAI,CALVERT,CUMSACK YSI16,,,,,CUMSACK,CUMSACK,Watershed
HAKAI,CALVERT,CUMSACK YSI17,,,,,CUMSACK,CUMSACK,Watershed
HAKAI,CALVERT,D,,,,,,,Nearshore
HAKAI,CALVERT,D101 OUTLET,,,,,,,Nearshore
HAKAI,CALVERT,D1018 OUTLET,,,,,,,Nearshore
HAKAI,CALVERT,D1022 OUTLET,,,,,,,Nearshore
HAKAI,CALVERT,D1058 OUTLET,,,,,,,Nearshore
HAKAI,CALVERT,D1065 OUTLET,,,,,,,Nearshore
HAKAI,CALVERT,D1077 OUTLET,,,,,,,Nearshore
HAKAI,CALVERT,D1083 OUTLET,,,,,,,Nearshore
HAKAI,CALVERT,D1137 OUTLET,,,,,,,Nearshore
HAKAI,CALVERT,D1139 OUTLET,,,,,,,Nearshore
HAKAI,CALVERT,D1157 OUTLET,,,,,,,Nearshore
HAKAI,CALVERT,D1171 OUTLET,,,,,,,Nearshore
HAKAI,CALVERT,D1188 OUTLET,,,,,,,Nearshore
HAKAI,CALVERT,D1203 OUTLET,,,,,,,Nearshore
HAKAI,CALVERT,D1228 OUTLET,,,,,,,Nearshore
HAKAI,CALVERT,D1230 OUTLET,,,,,,,Nearshore
HAKAI,CALVERT,D1252 OUTLET,,,,,,,Nearshore
HAKAI,CALVERT,D1282 OUTLET,,,,,,,Nearshore
HAKAI,CALVERT,D1300 OUTLET,,,,,,,Nearshore
HAKAI,CALVERT,D133 OUTLET,,,,,,,Nearshore
HAKAI,CALVERT,D1351 OUTLET,,,,,,,Nearshore
HAKAI,CALVERT,D1377 OUTLET,,,,,,,Nearshore
HAKAI,CALVERT,D1386 OUTLET,,,,,,,Nearshore
HAKAI,CALVERT,D1395 OUTLET,,,,,,,Nearshore
HAKAI,CALVERT,D1409 OUTLET,,,,,,,Nearshore
HAKAI,CALVERT,D1427 OUTLET,,,,,,,Nearshore
HAKAI,CALVERT,D1439 OUTLET,,,,,,,Nearshore
HAKAI,CALVERT,D249 OUTLET,,,,,,,Nearshore
HAKAI,CALVERT,D419 OUTLET,,,,,,,Nearshore
HAKAI,CALVERT,D424 OUTLET,,,,,,,Nearshore
HAKAI,CALVERT,D435 OUTLET,,,,,,,Nearshore
HAKAI,CALVERT,D482 OUTLET,,,,,,,Nearshore
HAKAI,CALVERT,D484 OUTLET,,,,,,,Nearshore
HAKAI,CALVERT,D491 OUTLET,,,,,,,Nearshore
HAKAI,CALVERT,D536 OUTLET,,,,,,,Nearshore
HAKAI,CALVERT,D556 OUTLET,,,,,,,Nearshore
HAKAI,CALVERT,D570 OUTLET,,,,,,,Nearshore
HAKAI,CALVERT,D579 OUTLET,,,,,,,Nearshore
HAKAI,CALVERT,D590 OUTLET,,,,,,,Nearshore
HAKAI,CALVERT,D595 OUTLET,,,,,,,Nearshore
HAKAI,CALVERT,D640 OUTLET,,,,,,,Nearshore
HAKAI,CALVERT,D640 RSL,,,,,,,Nearshore
HAKAI,CALVERT,D646 OUTLET,,,,,,,Nearshore
HAKAI,CALVERT,D656 OUTLET,,,,,,,Nearshore
HAKAI,CALVERT,D659 OUTLET,,,,,,,Nearshore
HAKAI,CALVERT,D671 OUTLET,,,,,,,Nearshore
HAKAI,CALVERT,D712 OUTLET,,,,,,,Nearshore
HAKAI,CALVERT,D718 OUTLET,,,,,,,Nearshore
HAKAI,CALVERT,D757 OUTLET,,,,,,,Nearshore
HAKAI,CALVERT,D764 OUTLET,,,,,,,Nearshore
HAKAI,CALVERT,D789 OUTLET,,,,,,,Nearshore
HAKAI,CALVERT,D797 OUTLET,,,,,,,Nearshore
HAKAI,CALVERT,D832 OUTLET,,,,,,,Nearshore
HAKAI,CALVERT,D857 OUTLET,,,,,,,Nearshore
HAKAI,CALVERT,D878 OUTLET,,,,,,,Nearshore
HAKAI,CALVERT,D884 OUTLET,,,,,,,Nearshore
HAKAI,CALVERT,D890 OUTLET,,,,,,,Nearshore
HAKAI,CALVERT,D896 OUTLET,,,,,,,Nearshore
HAKAI,CALVERT,D930 OUTLET,,,,,,,Nearshore
HAKAI,CALVERT,D952 OUTLET,,,,,,,Nearshore
HAKAI,CALVERT,D973 OUTLET,,,,,,,Nearshore
HAKAI,CALVERT,DAWSON'S,,,,,,,Nearshore
HAKAI,CALVERT,DAWSONS,51.5740000000001,-127.5923,15.0,chart,,,Oceanography
HAKAI,CALVERT,DAWSONS'S,,,,,,,Nearshore
HAKAI,CALVERT,DE1,52.1950000000001,-127.83167,490.0,chart,,,Oceanography
HAKAI,CALVERT,DE10,52.8333000000001,-126.9933,150.0,chart,,,Oceanography
HAKAI,CALVERT,DE11,52.8683,-127.0533,30.0,chart,,,Oceanography
HAKAI,CALVERT,DE2,52.2600600000001,-127.745883,440.0,chart,,,Oceanography
HAKAI,CALVERT,DE3,52.28333,-127.60833,300.0,chart,,,Oceanography
HAKAI,CALVERT,DE4,52.3420600000001,-127.4678,450.0,chart,,,Oceanography
HAKAI,CALVERT,DE5,52.4093,-127.3984,520.0,chart,,,Oceanography
HAKAI,CALVERT,DE6,52.45417,-127.25833,510.0,chart,,,Oceanography
HAKAI,CALVERT,DE7,52.5532000000001,-127.20525,400.0,chart,,,Oceanography
HAKAI,CALVERT,DE8,52.6268000000001,-127.0719,450.0,chart,,,Oceanography
HAKAI,CALVERT,DE9,52.7333,-126.955,450.0,chart,,,Oceanography
HAKAI,CALVERT,DFO1,51.4593,-127.6055,290.0,chart,,,Oceanography
HAKAI,CALVERT,DFO2,51.5208000000001,-127.5583,325.0,chart,,,Oceanography
HAKAI,CALVERT,DFO3,51.6008,-127.5313,320.0,chart,,,Oceanography
HAKAI,CALVERT,DFO4,51.6488000000001,-127.4493,300.0,chart,,,Oceanography
HAKAI,CALVERT,DFO5,51.6773000000001,-127.3122,190.0,chart,,,Oceanography
HAKAI,CALVERT,DFO7,,,,,,,Oceanography
HAKAI,CALVERT,DOCK1,,,,,,,Nearshore
HAKAI,CALVERT,DOFO1,,,,,,,Nearshore
HAKAI,CALVERT,E,,,,,,,Nearshore
HAKAI,CALVERT,ECP01,51.647074,-128.069224,,land,,,Watershed
HAKAI,CALVERT,ECP02,51.6467240000001,-128.06456,,land,,,Watershed
HAKAI,CALVERT,ECP03,51.6663040000001,-128.040436,,land,,,Watershed
HAKAI,CALVERT,ECP04,51.6604,-128.041509,,land,,,Watershed
HAKAI,CALVERT,ECP05,51.6421720000001,-127.990747,,land,,,Watershed
HAKAI,CALVERT,ECP06,51.6408260000001,-127.992834,,land,,,Watershed
HAKAI,CALVERT,ECP07,51.679284,-128.039157,,land,,,Watershed
HAKAI,CALVERT,ECP08,51.6346330000001,-128.096622,,land,,,Watershed
HAKAI,CALVERT,ECP09,51.642549,-128.061291,,land,,,Watershed
HAKAI,CALVERT,ECP10,51.6429200000001,-128.058904,,land,,,Watershed
HAKAI,CALVERT,ECP11,51.6525,-128.129337,,land,,,Watershed
HAKAI,CALVERT,ECP12,51.6640650000001,-128.038843,,land,,,Watershed
HAKAI,CALVERT,ECP13,51.6640600000001,-128.038265,,land,,,Watershed
HAKAI,CALVERT,ECP14,51.657649,-128.041852,,land,,,Watershed
HAKAI,CALVERT,ECP15,51.6407130000001,-128.119943,,land,,,Watershed
HAKAI,CALVERT,ECP16,51.6399250000001,-128.11833,,land,,,Watershed
HAKAI,CALVERT,ECP17,51.6399650000001,-128.11669,,land,,,Watershed
HAKAI,CALVERT,ECP18,51.638064,-128.117752,,land,,,Watershed
HAKAI,CALVERT,ECP19,51.6522840000001,-128.12979,,land,,,Watershed
HAKAI,CALVERT,ECP20,51.6514940000001,-128.128806,,land,,,Watershed
HAKAI,CALVERT,ECP21,51.653424,-128.130376,,land,,,Watershed
HAKAI,CALVERT,ECP22,51.6662140000001,-128.037359,,land,,,Watershed
HAKAI,CALVERT,ECP23,51.6610410000001,-128.041448,,land,,,Watershed
HAKAI,CALVERT,ECP24,51.6620740000001,-128.04209,,land,,,Watershed
HAKAI,CALVERT,ECP25,51.6448290000001,-128.064061,,land,,,Watershed
HAKAI,CALVERT,ECP26,51.6479360000001,-128.064181,,land,,,Watershed
HAKAI,CALVERT,ECP27,51.638721,-128.113705,,land,,,Watershed
HAKAI,CALVERT,ECP28,51.6414070000001,-128.115299,,land,,,Watershed
HAKAI,CALVERT,ECP29,51.6410240000001,-128.122358,,land,,,Watershed
HAKAI,CALVERT,ECP30,51.643384,-128.022838,,land,,,Watershed
HAKAI,CALVERT,ESTUARY_EDGE1,,,,,,,Nearshore
HAKAI,CALVERT,ESTUARY_EDGE2,,,,,,,Nearshore
HAKAI,CALVERT,ESTUARY_EDGE3,,,,,,,Nearshore
HAKAI,CALVERT,ESTUARY_INTERIOR4,,,,,,,Nearshore
HAKAI,CALVERT,ESTUARY_INTERIOR5,,,,,,,Nearshore
HAKAI,CALVERT,ESTUARY_INTERIOR6,,,,,,,Nearshore
HAKAI,CALVERT,F,,,,,,,Nearshore
HAKAI,CALVERT,FAN1,,,,,,,Nearshore
HAKAI,CALVERT,FAN3,,,,,,,Nearshore
HAKAI,CALVERT,FC1,52.0467000000001,-127.9167,369.0,CHS and NRCan Multibeam Echo Sounder Bathymetry,,,Oceanography
HAKAI,CALVERT,FC2,52.1179833300001,-127.8811,495.0,CHS and NRCan Multibeam Echo Sounder Bathymetry,,,Oceanography
HAKAI,CALVERT,FC3,52.1650000000001,-127.8633,573.0,CHS and NRCan Multibeam Echo Sounder Bathymetry,,,Oceanography
HAKAI,CALVERT,FCV_A,,,,,,,Nearshore
HAKAI,CALVERT,FCV_B,,,,,,,Nearshore
HAKAI,CALVERT,FCV_C,,,,,,,Nearshore
HAKAI,CALVERT,FEI10,,,,,,,Nearshore
HAKAI,CALVERT,FEI11,,,,,,,Nearshore
HAKAI,CALVERT,FEI12,,,,,,,Nearshore
HAKAI,CALVERT,FEI13,,,,,,,Nearshore
HAKAI,CALVERT,FEI2,,,,,,,Nearshore
HAKAI,CALVERT,FEI3,,,,,,,Nearshore
HAKAI,CALVERT,FEI4,,,,,,,Nearshore
HAKAI,CALVERT,FEI8,,,,,,,Nearshore
HAKAI,CALVERT,FEI9,,,,,,,Nearshore
HAKAI,CALVERT,FHE01,,,,,,,Nearshore
HAKAI,CALVERT,FHE02,51.6139000000001,-127.754,180.0,CHS and NRCan Multibeam Echo Sounder Bathymetry,,,Nearshore
HAKAI,CALVERT,FHE03,,,,,,,Nearshore
HAKAI,CALVERT,FHE04,51.6559,-127.8275,25.0,chart,,,Nearshore
HAKAI,CALVERT,FHE05,,,,,,,Nearshore
HAKAI,CALVERT,FISHEGGNS,,,,,,,Nearshore
HAKAI,CALVERT,FISHEGGOS,,,,,,,Nearshore
HAKAI,CALVERT,FLOC 100_T2,,,,,FLOC,FLOC,Watershed
HAKAI,CALVERT,FLOC 60_T2,,,,,FLOC,FLOC,Watershed
HAKAI,CALVERT,FOGGYCOVEA,,,,,,,Nearshore
HAKAI,CALVERT,FOGGYCOVEB,,,,,,,Nearshore
HAKAI,CALVERT,FOGGYCOVEC,,,,,,,Nearshore
HAKAI,CALVERT,FZ07,,,,,,,Nearshore
HAKAI,CALVERT,FZ08,,,,,,,Nearshore
HAKAI,CALVERT,FZH01,51.6394000000001,-127.8958,294.0,CHS and NRCan Multibeam Echo Sounder Bathymetry,,,Oceanography
HAKAI,CALVERT,FZH02,51.6683,-127.8714,18.0,CHS and NRCan Multibeam Echo Sounder Bathymetry,,,Oceanography
HAKAI,CALVERT,FZH03,51.6921,-127.884,25.0,chart,,,Oceanography
HAKAI,CALVERT,FZH04,51.821,-127.955,311.0,CHS and NRCan Multibeam Echo Sounder Bathymetry,,,Oceanography
HAKAI,CALVERT,FZH06,,,,,,,Oceanography
HAKAI,CALVERT,FZH07,51.7034,-127.9373,330.0,CHS and NRCan Multibeam Echo Sounder Bathymetry,,,Oceanography
HAKAI,CALVERT,FZH08,51.7590000000001,-127.9436,379.0,CHS and NRCan Multibeam Echo Sounder Bathymetry,,,Oceanography
HAKAI,CALVERT,FZH09,51.8960000000001,-127.982,302.0,CHS and NRCan Multibeam Echo Sounder Bathymetry,,,Oceanography
HAKAI,CALVERT,FZH10,51.9020000000001,-127.935,341.0,CHS and NRCan Multibeam Echo Sounder Bathymetry,,,Oceanography
HAKAI,CALVERT,FZH11,51.4980800000001,-127.796333,185.0,CHS and NRCan Multibeam Echo Sounder Bathymetry,,,Oceanography
HAKAI,CALVERT,FZH12,51.5278000000001,-127.89195,107.0,CHS NONNA10 Bathymetry,,,Oceanography
HAKAI,CALVERT,FZH13,51.5724000000001,-127.8524,232.0,CHS and NRCan Multibeam Echo Sounder Bathymetry,,,Oceanography
HAKAI,CALVERT,FZH14,51.7503,-127.976,421.0,CHS and NRCan Multibeam Echo Sounder Bathymetry,,,Oceanography
HAKAI,CALVERT,GOG1,51.92506,-128.468527,0.0,chart,,,Nearshore
HAKAI,CALVERT,GOG2,,,,,,,Nearshore
HAKAI,CALVERT,GOG3,,,,,,,Nearshore
HAKAI,CALVERT,GOG4,,,,,,,Nearshore
HAKAI,CALVERT,GOLDEN,51.9032,-128.2131,2.0,chart,,,Nearshore
HAKAI,CALVERT,GOLDSTREAMARMS,,,,,,,Nearshore
HAKAI,CALVERT,GOODLADNS,,,,,,,Nearshore
HAKAI,CALVERT,GOODLADOS,,,,,,,Nearshore
HAKAI,CALVERT,GOOSE,51.9197,-128.4602,5.0,chart,,,Nearshore
HAKAI,CALVERT,GOOSE_SOUTHEAST_EDGE1,,,,,,,Nearshore
HAKAI,CALVERT,GOOSE_SOUTHEAST_EDGE2,,,,,,,Nearshore
HAKAI,CALVERT,GOOSE_SOUTHEAST_EDGE3,,,,,,,Nearshore
HAKAI,CALVERT,GOOSE_SOUTHEAST_INTERIOR4,,,,,,,Nearshore
HAKAI,CALVERT,GOOSE_SOUTHEAST_INTERIOR5,,,,,,,Nearshore
HAKAI,CALVERT,GOOSE_SOUTHEAST_INTERIOR6,,,,,,,Nearshore
HAKAI,CALVERT,GOOSE_SOUTHWEST_EDGE1,,,,,,,Nearshore
HAKAI,CALVERT,GOOSE_SOUTHWEST_EDGE2,,,,,,,Nearshore
HAKAI,CALVERT,GOOSE_SOUTHWEST_EDGE3,,,,,,,Nearshore
HAKAI,CALVERT,GOOSE_SOUTHWEST_INTERIOR4,,,,,,,Nearshore
HAKAI,CALVERT,GOOSE_SOUTHWEST_INTERIOR5,,,,,,,Nearshore
HAKAI,CALVERT,GOOSE_SOUTHWEST_INTERIOR6,,,,,,,Nearshore
HAKAI,CALVERT,GOSLING,,,,,,,Nearshore
HAKAI,CALVERT,HA1,51.6967000000001,-127.555,317.0,CHS and NRCan Multibeam Echo Sounder Bathymetry,,,Nearshore
HAKAI,CALVERT,HAB1,,,,,,,Nearshore
HAKAI,CALVERT,HAB2,51.6638,-128.139967,1.0,chart,,,Nearshore
HAKAI,CALVERT,HAB4,51.6653000000001,-128.07898,55.0,chart,,,Nearshore
HAKAI,CALVERT,HAB5,,,,,,,Nearshore
HAKAI,CALVERT,HAB6,,,,,,,Nearshore
HAKAI,CALVERT,HAB7,,,,,,,Nearshore
HAKAI,CALVERT,HAK1,51.7112000000001,-128.2313,141.0,CHS NONNA10 Bathymetry,,,Nearshore
HAKAI,CALVERT,HAKAI0007,,,,,,,Nearshore
HAKAI,CALVERT,HAKAI006,,,,,,,Nearshore
HAKAI,CALVERT,HALRECOVERY,,,,,,,Nearshore
HAKAI,CALVERT,HBO,,,,,,,Nearshore
HAKAI,CALVERT,HDO,,,,,,,Nearshore
HAKAI,CALVERT,HE11F,,,,,,,Nearshore
HAKAI,CALVERT,HE11S,,,,,,,Nearshore
HAKAI,CALVERT,HE12F,,,,,,,Nearshore
HAKAI,CALVERT,HE12S,,,,,,,Nearshore
HAKAI,CALVERT,HE14F,,,,,,,Nearshore
HAKAI,CALVERT,HE14S,,,,,,,Nearshore
HAKAI,CALVERT,HE15F,,,,,,,Nearshore
HAKAI,CALVERT,HE15S,,,,,,,Nearshore
HAKAI,CALVERT,HE16F,,,,,,,Nearshore
HAKAI,CALVERT,HE16S,,,,,,,Nearshore
HAKAI,CALVERT,HKP,,,,,,,Nearshore
HAKAI,CALVERT,HKP01,51.7182000000001,-128.079,302.0,CHS and NRCan Multibeam Echo Sounder Bathymetry,,,Oceanography
HAKAI,CALVERT,HKP02,,,,,,,Oceanography
HAKAI,CALVERT,HKP03,51.7015000000001,-128.1636,120.0,CHS NONNA10 Bathymetry,,,Oceanography
HAKAI,CALVERT,HKP04,51.7425000000001,-128.0068,429.0,CHS NONNA10 Bathymetry,,,Oceanography
HAKAI,CALVERT,HKP05,51.7090000000001,-128.123,229.0,CHS and NRCan Multibeam Echo Sounder Bathymetry,,,Oceanography
HAKAI,CALVERT,HKP06,51.7300000000001,-128.041,390.0,CHS and NRCan Multibeam Echo Sounder Bathymetry,,,Oceanography
HAKAI,CALVERT,HKP064,,,,,,,Oceanography
HAKAI,CALVERT,HKP1,,,,,,,Oceanography
HAKAI,CALVERT,HKP3,,,,,,,Oceanography
HAKAI,CALVERT,HKPGLIDERNEAR04,,,,,,,Nearshore
HAKAI,CALVERT,HL15_1,,,,,,,Nearshore
HAKAI,CALVERT,HL15_2,,,,,,,Nearshore
HAKAI,CALVERT,HL15_3,,,,,,,Nearshore
HAKAI,CALVERT,HL15_4,,,,,,,Nearshore
HAKAI,CALVERT,HL15_5,,,,,,,Nearshore
HAKAI,CALVERT,HL15_6,,,,,,,Nearshore
HAKAI,CALVERT,HL15_7,,,,,,,Nearshore
HAKAI,CALVERT,HL15_8,,,,,,,Nearshore
HAKAI,CALVERT,HL15_9,,,,,,,Nearshore
HAKAI,CALVERT,HL15__4,,,,,,,Nearshore
HAKAI,CALVERT,HOMATHKO HT5KM,,,,,HOMATHKO,HOMATHKO,Watershed
HAKAI,CALVERT,HOMATHKO UPSTREAMOFAIRSTRIP,,,,,HOMATHKO,HOMATHKO,Watershed
HAKAI,CALVERT,HOMATHKO YSI2,,,,,HOMATHKO,HOMATHKO,Watershed
HAKAI,CALVERT,HOMATHKO YSI3,,,,,HOMATHKO,HOMATHKO,Watershed
HAKAI,CALVERT,HOMATHKO YSI4,,,,,HOMATHKO,HOMATHKO,Watershed
HAKAI,CALVERT,HOMATHKO YSI5,,,,,HOMATHKO,HOMATHKO,Watershed
HAKAI,CALVERT,HOMATHKO YSI6,,,,,HOMATHKO,HOMATHKO,Watershed
HAKAI,CALVERT,HOMATHKO YSI7,,,,,HOMATHKO,HOMATHKO,Watershed
HAKAI,CALVERT,HOMATHKO YSI8,,,,,HOMATHKO,HOMATHKO,Watershed
HAKAI,CALVERT,HP01,,,,,,,Nearshore
HAKAI,CALVERT,HP02,,,,,,,Nearshore
HAKAI,CALVERT,HP03,,,,,,,Nearshore
HAKAI,CALVERT,HP04,,,,,,,Nearshore
HAKAI,CALVERT,HP05,,,,,,,Nearshore
HAKAI,CALVERT,HP06,,,,,,,Nearshore
HAKAI,CALVERT,HP07,,,,,,,Nearshore
HAKAI,CALVERT,HP08,,,,,,,Nearshore
HAKAI,CALVERT,HP09,,,,,,,Nearshore
HAKAI,CALVERT,HPK01,,,,,,,Nearshore
HAKAI,CALVERT,HPK03,,,,,,,Nearshore
HAKAI,CALVERT,HYACINTHCREEK HYACINTHBAYROAD,,,,,HYACINTHCREEK,HYACINTHCREEK,Watershed
HAKAI,CALVERT,I5,,,,,,,Nearshore
HAKAI,CALVERT,IA,51.6727000000001,-128.1182,4.0,CHS NONNA10 Bathymetry,,,Nearshore
HAKAI,CALVERT,ID,51.6745000000001,-128.1178,4.0,CHS NONNA10 Bathymetry,,,Nearshore
HAKAI,CALVERT,INNERSAN,51.678342,-128.114898,0.0,CHS NONNA10 Bathymetry,,,Nearshore
HAKAI,CALVERT,IS,51.6783,-128.1145,1.0,CHS NONNA10 Bathymetry,,,Nearshore
HAKAI,CALVERT,IT,51.6753,-128.1195,4.0,CHS NONNA10 Bathymetry,,,Nearshore
HAKAI,CALVERT,JEN SITE,51.679878,-128.12647,3.0,chart,,,Nearshore
HAKAI,CALVERT,K8,,,,,,,Nearshore
HAKAI,CALVERT,KC1,51.6545674910001,-128.12878966,3.0,CHS NONNA10 Bathymetry,,,Oceanography
HAKAI,CALVERT,KC10,51.6505000000001,-127.9516,359.0,CHS and NRCan Multibeam Echo Sounder Bathymetry,,,Oceanography
HAKAI,CALVERT,KC10 BUOY,51.6497606960001,-127.967334159,284.0,CHS and NRCan Multibeam Echo Sounder Bathymetry,,,Nearshore
HAKAI,CALVERT,KC11,51.6507,-128.0253,97.0,CHS and NRCan Multibeam Echo Sounder Bathymetry,,,Oceanography
HAKAI,CALVERT,KC111,,,,,,,Oceanography
HAKAI,CALVERT,KC11F,,,,,,,Nearshore
HAKAI,CALVERT,KC11FA,,,,,,,Nearshore
HAKAI,CALVERT,KC11S,,,,,,,Nearshore
HAKAI,CALVERT,KC11SA,,,,,,,Nearshore
HAKAI,CALVERT,KC11_10,,,,,,,Nearshore
HAKAI,CALVERT,KC11_10_OUT,,,,,,,Nearshore
HAKAI,CALVERT,KC11_20,,,,,,,Nearshore
HAKAI,CALVERT,KC11_5,,,,,,,Nearshore
HAKAI,CALVERT,KC12,51.6504,-128.07,10.0,chart,,,Oceanography
HAKAI,CALVERT,KC12F,,,,,,,Nearshore
HAKAI,CALVERT,KC12S,,,,,,,Nearshore
HAKAI,CALVERT,KC13,51.6472000000001,-128.1199,3.0,CHS NONNA10 Bathymetry,,,Oceanography
HAKAI,CALVERT,KC14,51.6487000000001,-127.9961,32.0,CHS and NRCan Multibeam Echo Sounder Bathymetry,,,Oceanography
HAKAI,CALVERT,KC14F,,,,,,,Nearshore
HAKAI,CALVERT,KC14S,,,,,,,Nearshore
HAKAI,CALVERT,KC14_10,,,,,,,Nearshore
HAKAI,CALVERT,KC14_20,,,,,,,Nearshore
HAKAI,CALVERT,KC14_5,,,,,,,Nearshore
HAKAI,CALVERT,KC15,51.6569000000001,-128.0034,20.0,chart,,,Oceanography
HAKAI,CALVERT,KC15F,,,,,,,Nearshore
HAKAI,CALVERT,KC15S,,,,,,,Nearshore
HAKAI,CALVERT,KC15_10,,,,,,,Nearshore
HAKAI,CALVERT,KC15_10_OUT,,,,,,,Nearshore
HAKAI,CALVERT,KC15_20,,,,,,,Nearshore
HAKAI,CALVERT,KC15_5,,,,,,,Nearshore
HAKAI,CALVERT,KC16,51.6563000000001,-128.0419,35.0,chart,,,Oceanography
HAKAI,CALVERT,KC16F,,,,,,,Nearshore
HAKAI,CALVERT,KC16S,,,,,,,Nearshore
HAKAI,CALVERT,KC16_10,,,,,,,Nearshore
HAKAI,CALVERT,KC16_20,,,,,,,Nearshore
HAKAI,CALVERT,KC16_20_OUT,,,,,,,Nearshore
HAKAI,CALVERT,KC16_5,,,,,,,Nearshore
HAKAI,CALVERT,KC17,51.6521500000001,-128.10295,38.0,CHS NONNA10 Bathymetry,,,Oceanography
HAKAI,CALVERT,KC18,,,,,,,Oceanography
HAKAI,CALVERT,KC19,,,,,,,Oceanography
HAKAI,CALVERT,KC20,,,,,,,Oceanography
HAKAI,CALVERT,KC21,,,,,,,Oceanography
HAKAI,CALVERT,KC4,51.6545,-128.1149,22.0,CHS NONNA10 Bathymetry,,,Oceanography
HAKAI,CALVERT,KC6,,,,,,,Oceanography
HAKAI,CALVERT,KC7,51.6535000000001,-128.0464,169.0,CHS and NRCan Multibeam Echo Sounder Bathymetry,,,Oceanography
HAKAI,CALVERT,KC8,51.6517000000001,-128.0017,225.0,CHS and NRCan Multibeam Echo Sounder Bathymetry,,,Oceanography
HAKAI,CALVERT,KCM,,,,,,,Nearshore
HAKAI,CALVERT,KDT_A,,,,,,,Nearshore
HAKAI,CALVERT,KDT_B,,,,,,,Nearshore
HAKAI,CALVERT,KDT_C,,,,,,,Nearshore
HAKAI,CALVERT,KELP,,,,,,,Nearshore
HAKAI,CALVERT,KELP08,51.6494670000001,-128.155367,0.0,chart,,,Nearshore
HAKAI,CALVERT,KELP09,51.6671170000001,-128.14035,3.0,CHS NONNA10 Bathymetry,,,Nearshore
HAKAI,CALVERT,KELP10,51.80123044,-128.1999243,0.0,chart,,,Nearshore
HAKAI,CALVERT,KELP11,51.79609,-128.2391,,,,,Nearshore
HAKAI,CALVERT,KELP12,,,,,,,Nearshore
HAKAI,CALVERT,KELP13,51.70158,-128.0875,5.0,chart,,,Nearshore
HAKAI,CALVERT,KELP14,51.73636,-128.08439,,,,,Nearshore
HAKAI,CALVERT,KELP15,,,,,,,Nearshore
HAKAI,CALVERT,KELP8,,,,,,,Nearshore
HAKAI,CALVERT,KELP9,,,,,,,Nearshore
HAKAI,CALVERT,KELPIE,,,,,,,Nearshore
HAKAI,CALVERT,KELPIEARMS,,,,,,,Nearshore
HAKAI,CALVERT,KFCP06,,,,,,,Nearshore
HAKAI,CALVERT,KFP06,,,,,,,Nearshore
HAKAI,CALVERT,KFP07,,,,,,,Nearshore
HAKAI,CALVERT,KFPC01,51.9002170000001,-128.4319,10.0,chart,,,Nearshore
HAKAI,CALVERT,KFPC02,,,,,,,Nearshore
HAKAI,CALVERT,KFPC03,,,,,,,Nearshore
HAKAI,CALVERT,KFPC04,51.806317,-128.258567,15.0,chart,,,Nearshore
HAKAI,CALVERT,KFPC06,51.811267,-128.233617,15.0,chart,,,Nearshore
HAKAI,CALVERT,KFPCO4,,,,,,,Nearshore
HAKAI,CALVERT,KFPCS01,,,,,,,Nearshore
HAKAI,CALVERT,KFPN01,,,,,,,Nearshore
HAKAI,CALVERT,KFPN02,,,,,,,Nearshore
HAKAI,CALVERT,KFPN03,52.0450000000001,-128.399067,12.0,chart,,,Nearshore
HAKAI,CALVERT,KFPN04,,,,,,,Nearshore
HAKAI,CALVERT,KFPN06,,,,,,,Nearshore
HAKAI,CALVERT,KFPN07,51.9610000000001,-128.261,14.0,CHS NONNA10 Bathymetry,,,Nearshore
HAKAI,CALVERT,KFPN08,,,,,,,Nearshore
HAKAI,CALVERT,KFPN09,,,,,,,Nearshore
HAKAI,CALVERT,KFPS01,51.6820000000001,-128.143,128.0,CHS NONNA10 Bathymetry,,,Oceanography
HAKAI,CALVERT,KFPS02,,,,,,,Oceanography
HAKAI,CALVERT,KFPS03,,,,,,,Oceanography
HAKAI,CALVERT,KFPS04,51.6796000000001,-128.1171,11.0,CHS NONNA10 Bathymetry,,,Oceanography
HAKAI,CALVERT,KFPS05,51.6850000000001,-128.113,29.0,CHS NONNA10 Bathymetry,,,Oceanography
HAKAI,CALVERT,KFPS06,51.6944,-128.1136,87.0,CHS and NRCan Multibeam Echo Sounder Bathymetry,,,Oceanography
HAKAI,CALVERT,KFPS07,51.6944,-128.1136,87.0,CHS and NRCan Multibeam Echo Sounder Bathymetry,,,Oceanography
HAKAI,CALVERT,KFPS08,51.6803,-128.1243,13.0,CHS NONNA10 Bathymetry,,,Oceanography
HAKAI,CALVERT,KFPS09,,,,,,,Oceanography
HAKAI,CALVERT,KFPS10,,,,,,,Oceanography
HAKAI,CALVERT,KFPS11,,,,,,,Oceanography
HAKAI,CALVERT,KFPSO4,,,,,,,Nearshore
HAKAI,CALVERT,KFPSO7,,,,,,,Nearshore
HAKAI,CALVERT,KIL01,,,,,,,Nearshore
HAKAI,CALVERT,KIL02,,,,,,,Nearshore
HAKAI,CALVERT,KIL03,51.8694,-128.1542,81.0,CHS NONNA10 Bathymetry,,,Nearshore
HAKAI,CALVERT,KIL04,,,,,,,Nearshore
HAKAI,CALVERT,KIL05,,,,,,,Nearshore
HAKAI,CALVERT,KIL06,,,,,,,Nearshore
HAKAI,CALVERT,KIL07,51.8409,-128.129,110.0,chart,,,Nearshore
HAKAI,CALVERT,KIL08,,,,,,,Nearshore
HAKAI,CALVERT,KILDIDT SOUND,51.7180000000001,-128.079,303.0,CHS and NRCan Multibeam Echo Sounder Bathymetry,,,Nearshore
HAKAI,CALVERT,KILTICKNS,,,,,,,Nearshore
HAKAI,CALVERT,KILTICKOS,,,,,,,Nearshore
HAKAI,CALVERT,KIS1,,,,,,,Nearshore
HAKAI,CALVERT,KIS10,,,,,,,Nearshore
HAKAI,CALVERT,KIS2,51.83707,-128.239197,0.0,chart,,,Nearshore
HAKAI,CALVERT,KIS6,,,,,,,Nearshore
HAKAI,CALVERT,KIS7,,,,,,,Nearshore
HAKAI,CALVERT,KLC1,,,,,,,Nearshore
HAKAI,CALVERT,KLP1_100,,,,,,,Nearshore
HAKAI,CALVERT,KLP1_100M,,,,,,,Nearshore
HAKAI,CALVERT,KLP1_25,,,,,,,Nearshore
HAKAI,CALVERT,KLP1_25M,,,,,,,Nearshore
HAKAI,CALVERT,KLP1_50,,,,,,,Nearshore
HAKAI,CALVERT,KLP1_50M,,,,,,,Nearshore
HAKAI,CALVERT,KLP1_EDGE,,,,,,,Nearshore
HAKAI,CALVERT,KLP1_IN,,,,,,,Nearshore
HAKAI,CALVERT,KLP2_100,,,,,,,Nearshore
HAKAI,CALVERT,KLP2_100M,,,,,,,Nearshore
HAKAI,CALVERT,KLP2_25M,,,,,,,Nearshore
HAKAI,CALVERT,KLP2_50,,,,,,,Nearshore
HAKAI,CALVERT,KLP2_50M,,,,,,,Nearshore
HAKAI,CALVERT,KLP2_EDGE,,,,,,,Nearshore
HAKAI,CALVERT,KLP2_IN,,,,,,,Nearshore
HAKAI,CALVERT,KME01,,,,,,,Nearshore
HAKAI,CALVERT,KME02,,,,,,,Nearshore
HAKAI,CALVERT,KME03,51.7044000000001,-127.8784,10.0,chart,,,Nearshore
HAKAI,CALVERT,KMEO3,,,,,,,Nearshore
HAKAI,CALVERT,KOE1,,,,,,,Nearshore
HAKAI,CALVERT,KOE3,,,,,,,Nearshore
HAKAI,CALVERT,KOEYE KR01,51.77597,-127.8086,,land,KOEYE,KOEYE,Watershed
HAKAI,CALVERT,KOEYE KR02,51.774295,-127.806984,,land,KOEYE,KOEYE,Watershed
HAKAI,CALVERT,KOEYE KR03,,,,,KOEYE,KOEYE,Watershed
HAKAI,CALVERT,KOEYE KR04,,,,,KOEYE,KOEYE,Watershed
HAKAI,CALVERT,KOEYE KR05,,,,,KOEYE,KOEYE,Watershed
HAKAI,CALVERT,KOEYE KR_TRIB,51.776079,-127.818444,,land,KOEYE,KOEYE,Watershed
HAKAI,CALVERT,KOEYE_ESTUARY_EDGE1,,,,,,,Nearshore
HAKAI,CALVERT,KOEYE_ESTUARY_EDGE2,,,,,,,Nearshore
HAKAI,CALVERT,KOEYE_ESTUARY_EDGE3,,,,,,,Nearshore
HAKAI,CALVERT,KOEYE_ESTUARY_ESTUARY_EDGE1,,,,,,,Nearshore
HAKAI,CALVERT,KOEYE_ESTUARY_ESTUARY_EDGE2,,,,,,,Nearshore
HAKAI,CALVERT,KOEYE_ESTUARY_ESTUARY_EDGE3,,,,,,,Nearshore
HAKAI,CALVERT,KOEYE_ESTUARY_ESTUARY_INTERIOR4,,,,,,,Nearshore
HAKAI,CALVERT,KOEYE_ESTUARY_ESTUARY_INTERIOR5,,,,,,,Nearshore
HAKAI,CALVERT,KOEYE_ESTUARY_ESTUARY_INTERIOR6,,,,,,,Nearshore
HAKAI,CALVERT,KOEYE_ESTUARY_INTERIOR4,,,,,,,Nearshore
HAKAI,CALVERT,KOEYE_ESTUARY_INTERIOR5,,,,,,,Nearshore
HAKAI,CALVERT,KOEYE_ESTUARY_INTERIOR6,,,,,,,Nearshore
HAKAI,CALVERT,KOEYE_KOEYE_ESTUARY_EDGE1,,,,,,,Nearshore
HAKAI,CALVERT,KOEYE_KOEYE_ESTUARY_EDGE2,,,,,,,Nearshore
HAKAI,CALVERT,KOEYE_KOEYE_ESTUARY_EDGE3,,,,,,,Nearshore
HAKAI,CALVERT,KOEYE_KOEYE_ESTUARY_INTERIOR4,,,,,,,Nearshore
HAKAI,CALVERT,KWAK,,,,,,,Nearshore
HAKAI,CALVERT,KWAKSHUANS,,,,,,,Nearshore
HAKAI,CALVERT,KWAKSHUAOS,,,,,,,Nearshore
HAKAI,CALVERT,KWAKSHUASO,,,,,,,Nearshore
HAKAI,CALVERT,KWAKUMEIN,,,,,,,Nearshore
HAKAI,CALVERT,KWAKUMENS,,,,,,,Nearshore
HAKAI,CALVERT,KWAKUMEOS,,,,,,,Nearshore
HAKAI,CALVERT,KWAKUMEOUT,,,,,,,Nearshore
HAKAI,CALVERT,KWY,,,,,,,Nearshore
HAKAI,CALVERT,KWY01,51.7747000000001,-127.8801,10.0,chart,,,Oceanography
HAKAI,CALVERT,KWY02,51.7724000000001,-127.8904,218.0,CHS and NRCan Multibeam Echo Sounder Bathymetry,,,Oceanography
HAKAI,CALVERT,KWY03,51.7663000000001,-127.9144,368.0,CHS and NRCan Multibeam Echo Sounder Bathymetry,,,Oceanography
HAKAI,CALVERT,KYW03,,,,,,,Nearshore
HAKAI,CALVERT,LWLF,,,,,,,Nearshore
HAKAI,CALVERT,LWLF_A,,,,,,,Nearshore
HAKAI,CALVERT,LWLF_B,,,,,,,Nearshore
HAKAI,CALVERT,LWLF_C,,,,,,,Nearshore
HAKAI,CALVERT,LYTEARMS,,,,,,,Nearshore
HAKAI,CALVERT,MACR01,,,,,,,Nearshore
HAKAI,CALVERT,MACR02,,,,,,,Nearshore
HAKAI,CALVERT,MACRO01,51.8037462500001,-128.2545427,3.0,chart,,,Nearshore
HAKAI,CALVERT,MACRO1,51.8035,-128.2545,2.0,chart,,,Nearshore
HAKAI,CALVERT,MACRO10,51.649107535,-128.151826484,2.0,chart,,,Nearshore
HAKAI,CALVERT,MACRO11,51.802333,-128.200317,1.0,chart,,,Nearshore
HAKAI,CALVERT,MACRO12,,,,,,,Nearshore
HAKAI,CALVERT,MACRO13,,,,,,,Nearshore
HAKAI,CALVERT,MACRO14,,,,,,,Nearshore
HAKAI,CALVERT,MACRO2,51.6645,-128.0955,2.0,chart,,,Nearshore
HAKAI,CALVERT,MACRO3,51.8414000000001,-128.2654,2.0,chart,,,Nearshore
HAKAI,CALVERT,MACRO4,51.9030000000001,-128.2126,2.0,chart,,,Nearshore
HAKAI,CALVERT,MACRO5,51.9590000000001,-128.262,2.0,chart,,,Nearshore
HAKAI,CALVERT,MACRO6,52.0836,-128.3646,1.0,CHS NONNA10 Bathymetry,,,Nearshore
HAKAI,CALVERT,MACRO7,52.1497000000001,-128.3685,1.0,CHS and NRCan Multibeam Echo Sounder Bathymetry,,,Nearshore
HAKAI,CALVERT,MACRO8,52.0579000000001,-128.4037,18.0,chart,,,Nearshore
HAKAI,CALVERT,MACRO9,51.9204,-128.4599,2.0,chart,,,Nearshore
HAKAI,CALVERT,MAE04,,,,,,,Nearshore
HAKAI,CALVERT,MANLEY,,,,,,,Nearshore
HAKAI,CALVERT,MANLEY PT.,51.80103,-128.1996,3.0,chart,,,Nearshore
HAKAI,CALVERT,MANLEYPT,,,,,,,Nearshore
HAKAI,CALVERT,MARVINRECOVER,,,,,,,Nearshore
HAKAI,CALVERT,MARVIN_DEPLOY,,,,,,,Nearshore
HAKAI,CALVERT,MCALPIN OUTLET,52.8889578750001,-128.162510896,,land,MCALPIN,MCALPIN,Watershed
HAKAI,CALVERT,MCMULLIN,,,,,,,Nearshore
HAKAI,CALVERT,MCMULLINS,52.0579300000001,-128.404,1.0,chart,,,Nearshore
HAKAI,CALVERT,MCMULLIN_NORTH_EDGE1,,,,,,,Nearshore
HAKAI,CALVERT,MCMULLIN_NORTH_EDGE2,,,,,,,Nearshore
HAKAI,CALVERT,MCMULLIN_NORTH_EDGE3,,,,,,,Nearshore
HAKAI,CALVERT,MCMULLIN_NORTH_INTERIOR4,,,,,,,Nearshore
HAKAI,CALVERT,MCMULLIN_NORTH_INTERIOR5,,,,,,,Nearshore
HAKAI,CALVERT,MCMULLIN_NORTH_INTERIOR6,,,,,,,Nearshore
HAKAI,CALVERT,MCMULLIN_SOUTH_EDGE1,,,,,,,Nearshore
HAKAI,CALVERT,MCMULLIN_SOUTH_EDGE2,,,,,,,Nearshore
HAKAI,CALVERT,MCMULLIN_SOUTH_EDGE3,,,,,,,Nearshore
HAKAI,CALVERT,MCMULLIN_SOUTH_INTERIOR4,,,,,,,Nearshore
HAKAI,CALVERT,MCMULLIN_SOUTH_INTERIOR5,,,,,,,Nearshore
HAKAI,CALVERT,MCMULLIN_SOUTH_INTERIOR6,,,,,,,Nearshore
HAKAI,CALVERT,MEA01,51.6626000000001,-128.0912,35.0,chart,,,Nearshore
HAKAI,CALVERT,MEA02,51.6754000000001,-128.0876,50.0,CHS and NRCan Multibeam Echo Sounder Bathymetry,,,Nearshore
HAKAI,CALVERT,MEA03,51.6847000000001,-128.0873,52.0,CHS and NRCan Multibeam Echo Sounder Bathymetry,,,Nearshore
HAKAI,CALVERT,MEA04,51.6928,-128.0693,2.0,chart,,,Nearshore
HAKAI,CALVERT,MEA05,51.6909333300001,-128.0688,,land,,,Nearshore
HAKAI,CALVERT,MEAY,51.6645,-128.096,0.0,chart,,,Nearshore
HAKAI,CALVERT,MEAY KK,51.6645,-128.0954,1.0,chart,,,Nearshore
HAKAI,CALVERT,MEAYMACROARMS,,,,,,,Nearshore
HAKAI,CALVERT,MERCURYARMS,,,,,,,Nearshore
HAKAI,CALVERT,MG1,52.0700000000001,-128.41,27.0,CHS and NRCan Multibeam Echo Sounder Bathymetry,,,Nearshore
HAKAI,CALVERT,MG2,52.02,-128.3,35.0,CHS and NRCan Multibeam Echo Sounder Bathymetry,,,Nearshore
HAKAI,CALVERT,MG3,51.7300000000001,-128.0,0.0,chart,,,Nearshore
HAKAI,CALVERT,MG4,51.7400000000001,-128.07,54.0,CHS NONNA10 Bathymetry,,,Nearshore
HAKAI,CALVERT,MOSES1,,,,,,,Nearshore
HAKAI,CALVERT,MOSES2,,,,,,,Nearshore
HAKAI,CALVERT,MOSES3,,,,,,,Nearshore
HAKAI,CALVERT,MOSES4,,,,,,,Nearshore
HAKAI,CALVERT,MUSTANG315,,,,,,,Nearshore
HAKAI,CALVERT,MUSTANGIN,,,,,,,Nearshore
HAKAI,CALVERT,MUSTANGNS,,,,,,,Nearshore
HAKAI,CALVERT,MUSTANGOS,,,,,,,Nearshore
HAKAI,CALVERT,MUSTANGOUT,,,,,,,Nearshore
HAKAI,CALVERT,NAL_B,,,,,,,Nearshore
HAKAI,CALVERT,NAL_C,,,,,,,Nearshore
HAKAI,CALVERT,NAM1,,,,,,,Nearshore
HAKAI,CALVERT,NAM2,,,,,,,Nearshore
HAKAI,CALVERT,NBCH01,51.6678000000001,-128.1433,12.0,CHS NONNA10 Bathymetry,,,Nearshore
HAKAI,CALVERT,NBCH_A,,,,,,,Nearshore
HAKAI,CALVERT,NBCH_B,,,,,,,Nearshore
HAKAI,CALVERT,NBCH_C,,,,,,,Nearshore
HAKAI,CALVERT,NEARHKP04,,,,,,,Nearshore
HAKAI,CALVERT,NLU01,,,,,,,Nearshore
HAKAI,CALVERT,NLU02,51.8161000000001,-128.0509,60.0,chart,,,Nearshore
HAKAI,CALVERT,NLU03,51.7937000000001,-128.0512,53.0,CHS NONNA10 Bathymetry,,,Nearshore
HAKAI,CALVERT,NLU_A,,,,,,,Nearshore
HAKAI,CALVERT,NLU_B,,,,,,,Nearshore
HAKAI,CALVERT,NLU_C,,,,,,,Nearshore
HAKAI,CALVERT,NMU01,51.8365000000001,-127.883,49.0,chart,,,Nearshore
HAKAI,CALVERT,NMU03,51.8672000000001,-127.8627,15.0,chart,,,Nearshore
HAKAI,CALVERT,NMU04,51.8842000000001,-127.8629,40.0,chart,,,Nearshore
HAKAI,CALVERT,NONE 10PPM,,,,,NONE,NONE,Watershed
HAKAI,CALVERT,NONE 20PPM,,,,,NONE,NONE,Watershed
HAKAI,CALVERT,NONE 30PPM,,,,,NONE,NONE,Watershed
HAKAI,CALVERT,NONE 40PPM,,,,,NONE,NONE,Watershed
HAKAI,CALVERT,NONE 4PPM,,,,,NONE,NONE,Watershed
HAKAI,CALVERT,NONE 50PPM,,,,,NONE,NONE,Watershed
HAKAI,CALVERT,NONE 60PPM,,,,,NONE,NONE,Watershed
HAKAI,CALVERT,NONE 65PPM,,,,,NONE,NONE,Watershed
HAKAI,CALVERT,NONE D101,,,,,,,Nearshore
HAKAI,CALVERT,NONE D1018,,,,,,,Nearshore
HAKAI,CALVERT,NONE D1022,,,,,,,Nearshore
HAKAI,CALVERT,NONE D1058,,,,,,,Nearshore
HAKAI,CALVERT,NONE D1065,,,,,,,Nearshore
HAKAI,CALVERT,NONE D1077,,,,,,,Nearshore
HAKAI,CALVERT,NONE D1083,,,,,,,Nearshore
HAKAI,CALVERT,NONE D1137,,,,,,,Nearshore
HAKAI,CALVERT,NONE D1139,,,,,,,Nearshore
HAKAI,CALVERT,NONE D1157,,,,,,,Nearshore
HAKAI,CALVERT,NONE D1171,,,,,,,Nearshore
HAKAI,CALVERT,NONE D1188,,,,,,,Nearshore
HAKAI,CALVERT,NONE D1203,,,,,,,Nearshore
HAKAI,CALVERT,NONE D1228,,,,,,,Nearshore
HAKAI,CALVERT,NONE D1230,,,,,,,Nearshore
HAKAI,CALVERT,NONE D1252,,,,,,,Nearshore
HAKAI,CALVERT,NONE D1282,,,,,,,Nearshore
HAKAI,CALVERT,NONE D1300,,,,,,,Nearshore
HAKAI,CALVERT,NONE D133,,,,,,,Nearshore
HAKAI,CALVERT,NONE D1351,,,,,,,Nearshore
HAKAI,CALVERT,NONE D1377,,,,,,,Nearshore
HAKAI,CALVERT,NONE D1386,,,,,,,Nearshore
HAKAI,CALVERT,NONE D1390,,,,,,,Nearshore
HAKAI,CALVERT,NONE D1395,,,,,,,Nearshore
HAKAI,CALVERT,NONE D1409,,,,,,,Nearshore
HAKAI,CALVERT,NONE D1427,,,,,,,Nearshore
HAKAI,CALVERT,NONE D1439,,,,,,,Nearshore
HAKAI,CALVERT,NONE D249,,,,,,,Nearshore
HAKAI,CALVERT,NONE D419,,,,,,,Nearshore
HAKAI,CALVERT,NONE D435,,,,,,,Nearshore
HAKAI,CALVERT,NONE D482,,,,,,,Nearshore
HAKAI,CALVERT,NONE D484,,,,,,,Nearshore
HAKAI,CALVERT,NONE D491,,,,,,,Nearshore
HAKAI,CALVERT,NONE D556,,,,,,,Nearshore
HAKAI,CALVERT,NONE D570,,,,,,,Nearshore
HAKAI,CALVERT,NONE D579,,,,,,,Nearshore
HAKAI,CALVERT,NONE D590,,,,,,,Nearshore
HAKAI,CALVERT,NONE D595,,,,,,,Nearshore
HAKAI,CALVERT,NONE D640,,,,,,,Nearshore
HAKAI,CALVERT,NONE D646,,,,,,,Nearshore
HAKAI,CALVERT,NONE D656,,,,,,,Nearshore
HAKAI,CALVERT,NONE D659,,,,,,,Nearshore
HAKAI,CALVERT,NONE D671,,,,,,,Nearshore
HAKAI,CALVERT,NONE D712,,,,,,,Nearshore
HAKAI,CALVERT,NONE D718,,,,,,,Nearshore
HAKAI,CALVERT,NONE D757,,,,,,,Nearshore
HAKAI,CALVERT,NONE D764,,,,,,,Nearshore
HAKAI,CALVERT,NONE D789,,,,,,,Nearshore
HAKAI,CALVERT,NONE D797,,,,,,,Nearshore
HAKAI,CALVERT,NONE D807,,,,,,,Nearshore
HAKAI,CALVERT,NONE D832,,,,,,,Nearshore
HAKAI,CALVERT,NONE D857,,,,,,,Nearshore
HAKAI,CALVERT,NONE D878,,,,,,,Nearshore
HAKAI,CALVERT,NONE D884,,,,,,,Nearshore
HAKAI,CALVERT,NONE D890,,,,,,,Nearshore
HAKAI,CALVERT,NONE D896,,,,,,,Nearshore
HAKAI,CALVERT,NONE D930,,,,,,,Nearshore
HAKAI,CALVERT,NONE D952,,,,,,,Nearshore
HAKAI,CALVERT,NONE D973,,,,,,,Nearshore
HAKAI,CALVERT,NONE GLC1,51.9831330000001,-126.947343,,land,NONE,NONE,Watershed
HAKAI,CALVERT,NONE KOEYE 3,,,,,,,Nearshore
HAKAI,CALVERT,NONE KOEYE3,,,,,NONE,NONE,Watershed
HAKAI,CALVERT,NONE KOEYE4,,,,,,,Nearshore
HAKAI,CALVERT,NONE KOEYETRIB,,,,,NONE,NONE,Watershed
HAKAI,CALVERT,NONE KR01,,,,,NONE,NONE,Watershed
HAKAI,CALVERT,NONE WR1,,,,,NONE,NONE,Watershed
HAKAI,CALVERT,NORTH,,,,,,,Nearshore
HAKAI,CALVERT,NORTHBEACH,,,,,,,Nearshore
HAKAI,CALVERT,NORTHBEACHARMS,,,,,,,Nearshore
HAKAI,CALVERT,NORTHBEACHRLS,,,,,,,Nearshore
HAKAI,CALVERT,NP,51.6769,-128.1222,2.0,CHS NONNA10 Bathymetry,,,Nearshore
HAKAI,CALVERT,ODLUM,,,,,,,Nearshore
HAKAI,CALVERT,OTHER CAMPRIVER,,,,,OTHER,OTHER,Watershed
HAKAI,CALVERT,OTHER HYACINTHBAYROAD,,,,,OTHER,OTHER,Watershed
HAKAI,CALVERT,OTHER KR01,,,,,OTHER,OTHER,Watershed
HAKAI,CALVERT,OTHER OUTLET,,,,,OTHER,OTHER,Watershed
HAKAI,CALVERT,OTHER WR01,,,,,OTHER,OTHER,Watershed
HAKAI,CALVERT,OUTLET,,,,,,,Nearshore
HAKAI,CALVERT,OUT_EBB_11,,,,,,,Nearshore
HAKAI,CALVERT,OUT_HIGH_11,,,,,,,Nearshore
HAKAI,CALVERT,OUT_LOW,,,,,,,Nearshore
HAKAI,CALVERT,OUT_LOW_11,,,,,,,Nearshore
HAKAI,CALVERT,OWI1,,,,,,,Nearshore
HAKAI,CALVERT,OWI2A,,,,,,,Nearshore
HAKAI,CALVERT,OWI2B,,,,,,,Nearshore
HAKAI,CALVERT,OWI3,,,,,,,Nearshore
HAKAI,CALVERT,OWI4,,,,,,,Nearshore
HAKAI,CALVERT,PBA,51.64581,-128.119297,0.0,chart,,,Nearshore
HAKAI,CALVERT,PBE2,,,,,,,Nearshore
HAKAI,CALVERT,PBI4,,,,,,,Nearshore
HAKAI,CALVERT,PBO,,,,,,,Nearshore
HAKAI,CALVERT,POISON OUTLET,52.8982800000001,-128.016113,,land,POISON,POISON,Watershed
HAKAI,CALVERT,POREUTH,,,,,,,Nearshore
HAKAI,CALVERT,PPO,51.65807,-128.11447,,,,,Nearshore
HAKAI,CALVERT,PRITH,,,,,,,Nearshore
HAKAI,CALVERT,PRUTH,51.6554,-128.0913,72.0,CHS NONNA10 Bathymetry,,,Oceanography
HAKAI,CALVERT,PRUTH1,,,,,,,Nearshore
HAKAI,CALVERT,PRUTHBAY,,,,,,,Nearshore
HAKAI,CALVERT,PRUTHMOORING,51.6564030740001,-128.091290222,67.0,CHS NONNA10 Bathymetry,,,Nearshore
HAKAI,CALVERT,PRUTH_BAY,,,,,,,Nearshore
HAKAI,CALVERT,PRUTH_BAY_EDGE1,,,,,,,Nearshore
HAKAI,CALVERT,PRUTH_BAY_EDGE2,,,,,,,Nearshore
HAKAI,CALVERT,PRUTH_BAY_EDGE3,,,,,,,Nearshore
HAKAI,CALVERT,PRUTH_BAY_INTERIOR4,,,,,,,Nearshore
HAKAI,CALVERT,PRUTH_BAY_INTERIOR5,,,,,,,Nearshore
HAKAI,CALVERT,PRUTH_BAY_INTERIOR6,,,,,,,Nearshore
HAKAI,CALVERT,QC08,,,,,,,Nearshore
HAKAI,CALVERT,QCD02,,,,,,,Nearshore
HAKAI,CALVERT,QCD05,,,,,,,Nearshore
HAKAI,CALVERT,QCS,,,,,,,Nearshore
HAKAI,CALVERT,QCS01,51.705,-128.2384,142.0,CHS NONNA10 Bathymetry,,,Oceanography
HAKAI,CALVERT,QCS02,51.6948,-128.2931,134.0,CHS NONNA10 Bathymetry,,,Oceanography
HAKAI,CALVERT,QCS03,51.6342000000001,-128.2634,135.0,CHS NONNA10 Bathymetry,,,Oceanography
HAKAI,CALVERT,QCS04,51.5677000000001,-128.2397,122.0,CHS and NRCan Multibeam Echo Sounder Bathymetry,,,Oceanography
HAKAI,CALVERT,QCS05,51.4735000000001,-128.2058,110.0,CHS NONNA10 Bathymetry,,,Oceanography
HAKAI,CALVERT,QCS06,51.4186,-128.0568,128.0,CHS NONNA10 Bathymetry,,,Oceanography
HAKAI,CALVERT,QCS07,51.3813170000001,-127.907733,127.0,CHS NONNA10 Bathymetry,,,Oceanography
HAKAI,CALVERT,QCS08,51.6857000000001,-128.341,136.0,CHS NONNA10 Bathymetry,,,Oceanography
HAKAI,CALVERT,QCSD02,,,,,,,Nearshore
HAKAI,CALVERT,QCSD05,,,,,,,Nearshore
HAKAI,CALVERT,QS01,,,,,,,Nearshore
HAKAI,CALVERT,QSC01,,,,,,,Nearshore
HAKAI,CALVERT,QSD01,51.85355,-128.360883,156.0,CHS and NRCan Multibeam Echo Sounder Bathymetry,,,Oceanography
HAKAI,CALVERT,QSD02,51.9581000000001,-128.3504,178.0,CHS and NRCan Multibeam Echo Sounder Bathymetry,,,Oceanography
HAKAI,CALVERT,QSD03,52.019433,-128.417267,32.0,CHS and NRCan Multibeam Echo Sounder Bathymetry,,,Oceanography
HAKAI,CALVERT,QSD04,52.0338,-128.47215,34.0,CHS and NRCan Multibeam Echo Sounder Bathymetry,,,Oceanography
HAKAI,CALVERT,QSD05,52.0625000000001,-128.5126,60.0,CHS NONNA10 Bathymetry,,,Oceanography
HAKAI,CALVERT,QU380,,,,,,,Oceanography
HAKAI,CALVERT,RATTENBURYARMS,,,,,,,Nearshore
HAKAI,CALVERT,REEF01,,,,,,,Nearshore
HAKAI,CALVERT,REEF03,,,,,,,Nearshore
HAKAI,CALVERT,REEF04,,,,,,,Nearshore
HAKAI,CALVERT,REEF05,,,,,,,Nearshore
HAKAI,CALVERT,REEF06,,,,,,,Nearshore
HAKAI,CALVERT,REEF07,,,,,,,Nearshore
HAKAI,CALVERT,REEF1,,,,,,,Nearshore
HAKAI,CALVERT,REEF10,,,,,,,Nearshore
HAKAI,CALVERT,REEF11,,,,,,,Nearshore
HAKAI,CALVERT,REEF4,,,,,,,Nearshore
HAKAI,CALVERT,REEF5,,,,,,,Nearshore
HAKAI,CALVERT,REEF6,,,,,,,Nearshore
HAKAI,CALVERT,RI6,51.7283,-127.4533,207.0,CHS and NRCan Multibeam Echo Sounder Bathymetry,,,Oceanography
HAKAI,CALVERT,RI7,51.7783000000001,-127.3933,238.0,CHS and NRCan Multibeam Echo Sounder Bathymetry,,,Oceanography
HAKAI,CALVERT,RIS1,,,,,,,Nearshore
HAKAI,CALVERT,RIS2,,,,,,,Nearshore
HAKAI,CALVERT,RIS3,,,,,,,Nearshore
HAKAI,CALVERT,RIS5,,,,,,,Nearshore
HAKAI,CALVERT,RIS6,,,,,,,Nearshore
HAKAI,CALVERT,RIS7,,,,,,,Nearshore
HAKAI,CALVERT,ROCK04,,,,,,,Nearshore
HAKAI,CALVERT,ROCKY,,,,,,,Nearshore
HAKAI,CALVERT,ROCKY01,,,,,,,Nearshore
HAKAI,CALVERT,ROCKY02,,,,,,,Nearshore
HAKAI,CALVERT,ROCKY03,,,,,,,Nearshore
HAKAI,CALVERT,ROCKY04,,,,,,,Nearshore
HAKAI,CALVERT,ROCKY05,,,,,,,Nearshore
HAKAI,CALVERT,ROCKY06,,,,,,,Nearshore
HAKAI,CALVERT,ROCKY07,,,,,,,Nearshore
HAKAI,CALVERT,ROCKY08,,,,,,,Nearshore
HAKAI,CALVERT,ROCKY09,,,,,,,Nearshore
HAKAI,CALVERT,ROCKY1,,,,,,,Nearshore
HAKAI,CALVERT,ROCKY10,,,,,,,Nearshore
HAKAI,CALVERT,ROCKY11,,,,,,,Nearshore
HAKAI,CALVERT,ROCKY2,,,,,,,Nearshore
HAKAI,CALVERT,ROCKY3,,,,,,,Nearshore
HAKAI,CALVERT,ROCKY4,,,,,,,Nearshore
HAKAI,CALVERT,ROCKY5,,,,,,,Nearshore
HAKAI,CALVERT,ROCKY6,,,,,,,Nearshore
HAKAI,CALVERT,ROCKY7,,,,,,,Nearshore
HAKAI,CALVERT,RVRE01,,,,,,,Nearshore
HAKAI,CALVERT,RVRS01,51.4414000000001,-127.8044,119.0,CHS NONNA10 Bathymetry,,,Oceanography
HAKAI,CALVERT,RVRS02,51.4302613250001,-127.717988977,153.0,CHS NONNA10 Bathymetry,,,Oceanography
HAKAI,CALVERT,RVRS2,,,,,,,Oceanography
HAKAI,CALVERT,RVS02,,,,,,,Nearshore
HAKAI,CALVERT,SAND01,,,,,,,Nearshore
HAKAI,CALVERT,SAND02,,,,,,,Nearshore
HAKAI,CALVERT,SAND03,,,,,,,Nearshore
HAKAI,CALVERT,SC10,51.6596000000001,-128.04146,,land,,,Nearshore
HAKAI,CALVERT,SEA,,,,,,,Nearshore
HAKAI,CALVERT,SEA02,51.6750000000001,-128.119,5.0,CHS NONNA10 Bathymetry,,,Nearshore
HAKAI,CALVERT,SEA046M057,,,,,,,Nearshore
HAKAI,CALVERT,SEA046_M057LAUNCH,,,,,,,Nearshore
HAKAI,CALVERT,SEA06,,,,,,,Nearshore
HAKAI,CALVERT,SEA07,,,,,,,Nearshore
HAKAI,CALVERT,SEA08,,,,,,,Nearshore
HAKAI,CALVERT,SEA09,,,,,,,Nearshore
HAKAI,CALVERT,SEA1,,,,,,,Nearshore
HAKAI,CALVERT,SEA10,51.81019,-128.23467,,,,,Nearshore
HAKAI,CALVERT,SEA11,51.8091000000001,-128.2476,2.0,chart,,,Nearshore
HAKAI,CALVERT,SEA12,,,,,,,Nearshore
HAKAI,CALVERT,SEA14,,,,,,,Nearshore
HAKAI,CALVERT,SEA15,51.6453213200001,-128.1192523,0.0,chart,,,Nearshore
HAKAI,CALVERT,SEA16,51.78019,-127.87074,,,,,Nearshore
HAKAI,CALVERT,SEA2,51.6746000000001,-128.118,4.0,CHS NONNA10 Bathymetry,,,Nearshore
HAKAI,CALVERT,SEA3,,,,,,,Nearshore
HAKAI,CALVERT,SEA4,,,,,,,Nearshore
HAKAI,CALVERT,SEA5,52.0018000000001,-128.4247,2.0,chart,,,Nearshore
HAKAI,CALVERT,SEA6,51.9275000000001,-128.4501,1.0,CHS and NRCan Multibeam Echo Sounder Bathymetry,,,Nearshore
HAKAI,CALVERT,SEA7,51.9222,-128.4645,4.0,CHS and NRCan Multibeam Echo Sounder Bathymetry,,,Nearshore
HAKAI,CALVERT,SEA8,52.0626,-128.4119,4.0,CHS and NRCan Multibeam Echo Sounder Bathymetry,,,Nearshore
HAKAI,CALVERT,SEA9,52.0506,-128.4029,3.0,chart,,,Nearshore
HAKAI,CALVERT,SEAG15,,,,,,,Nearshore
HAKAI,CALVERT,SEANORTHGOOSENOGOOD,,,,,,,Nearshore
HAKAI,CALVERT,SECONDBEACH,51.6494700000001,-128.155384,0.0,chart,,,Nearshore
HAKAI,CALVERT,SHIRE19,,,,,,,Nearshore
HAKAI,CALVERT,SHORE01,51.80121,-128.05499,,,,,Nearshore
HAKAI,CALVERT,SHORE02,,,,,,,Nearshore
HAKAI,CALVERT,SHORE03,,,,,,,Nearshore
HAKAI,CALVERT,SHORE04,,,,,,,Nearshore
HAKAI,CALVERT,SHORE05,,,,,,,Nearshore
HAKAI,CALVERT,SHORE08,,,,,,,Nearshore
HAKAI,CALVERT,SHORE09,51.9652611000001,-127.71152,2.0,chart,,,Nearshore
HAKAI,CALVERT,SHORE10,51.9258389,-127.88845,5.0,chart,,,Nearshore
HAKAI,CALVERT,SHORE11,51.65769414,-128.1135577,10.0,CHS NONNA10 Bathymetry,,,Nearshore
HAKAI,CALVERT,SHORE12,51.65333287,-128.1201208,6.0,CHS NONNA10 Bathymetry,,,Nearshore
HAKAI,CALVERT,SHORE13,51.6483070400001,-128.0934757,7.0,chart,,,Nearshore
HAKAI,CALVERT,SHORE14,,,,,,,Nearshore
HAKAI,CALVERT,SHORE15,,,,,,,Nearshore
HAKAI,CALVERT,SHORE16,51.79858125,-128.0591963,20.0,chart,,,Nearshore
HAKAI,CALVERT,SHORE17,51.70838709,-127.876665,1.0,chart,,,Nearshore
HAKAI,CALVERT,SHORE18,51.70387444,-127.8815117,9.0,chart,,,Nearshore
HAKAI,CALVERT,SHORE19,51.70888582,-127.8883945,7.0,chart,,,Nearshore
HAKAI,CALVERT,SHORE2,,,,,,,Nearshore
HAKAI,CALVERT,SHORE20,51.9617544000001,-127.77545,10.0,chart,,,Nearshore
HAKAI,CALVERT,SHORE21,51.9517062,-127.74103,5.0,chart,,,Nearshore
HAKAI,CALVERT,SHORE22,51.7700497000001,-127.43015,20.0,chart,,,Nearshore
HAKAI,CALVERT,SHORE23,51.5396992,-127.5598,20.0,chart,,,Nearshore
HAKAI,CALVERT,SHORE24,51.88255558,-128.1564522,1.0,chart,,,Nearshore
HAKAI,CALVERT,SHORE25,51.8779404900001,-128.8779405,70.0,chart,,,Nearshore
HAKAI,CALVERT,SHORE26,51.8700436300001,-128.161572,0.0,chart,,,Nearshore
HAKAI,CALVERT,SHORE28,,,,,,,Nearshore
HAKAI,CALVERT,SHORE29,,,,,,,Nearshore
HAKAI,CALVERT,SHORE30,,,,,,,Nearshore
HAKAI,CALVERT,SHORE31,,,,,,,Nearshore
HAKAI,CALVERT,SHORE32,,,,,,,Nearshore
HAKAI,CALVERT,SHORE33,,,,,,,Nearshore
HAKAI,CALVERT,SHORE34,,,,,,,Nearshore
HAKAI,CALVERT,SHORE9,,,,,,,Nearshore
HAKAI,CALVERT,SHRE28,,,,,,,Nearshore
HAKAI,CALVERT,SIMMONDS,51.9590000000001,-128.262,2.0,chart,,,Nearshore
HAKAI,CALVERT,SNI1,51.8384300000001,-128.059607,49.0,chart,,,Nearshore
HAKAI,CALVERT,SNI10,,,,,,,Nearshore
HAKAI,CALVERT,SNI11,,,,,,,Nearshore
HAKAI,CALVERT,SNI12,,,,,,,Nearshore
HAKAI,CALVERT,SNI2,,,,,,,Nearshore
HAKAI,CALVERT,SNI7,,,,,,,Nearshore
HAKAI,CALVERT,SNI8,,,,,,,Nearshore
HAKAI,CALVERT,SNI9,,,,,,,Nearshore
HAKAI,CALVERT,SOUTHGATE YSI10,,,,,SOUTHGATE,SOUTHGATE,Watershed
HAKAI,CALVERT,SOUTHGATE YSI11,,,,,SOUTHGATE,SOUTHGATE,Watershed
HAKAI,CALVERT,SOUTHGATE YSI9,,,,,SOUTHGATE,SOUTHGATE,Watershed
HAKAI,CALVERT,SOUTHGOOSE,,,,,,,Nearshore
HAKAI,CALVERT,SP,51.676,-128.1225,1.0,CHS NONNA10 Bathymetry,,,Nearshore
HAKAI,CALVERT,SPIDER,,,,,,,Nearshore
HAKAI,CALVERT,SPYDER,51.84135,-128.265,2.0,chart,,,Nearshore
HAKAI,CALVERT,SPYDERARMS,,,,,,,Nearshore
HAKAI,CALVERT,SQUID,,,,,,,Nearshore
HAKAI,CALVERT,SSP,51.6787400000001,-128.114878,1.0,CHS NONNA10 Bathymetry,,,Nearshore
HAKAI,CALVERT,STARFISH,,,,,,,Nearshore
HAKAI,CALVERT,STARFISHARMS,,,,,,,Nearshore
HAKAI,CALVERT,STRYKER,52.08358,-128.365,0.0,chart,,,Nearshore
HAKAI,CALVERT,TEMP01,,,,,,,Nearshore
HAKAI,CALVERT,TEMP02,51.869737,-128.15906,5.0,chart,,,Nearshore
HAKAI,CALVERT,TEMP03,,,,,,,Nearshore
HAKAI,CALVERT,TEMP04,51.81300715,-128.0531399,5.0,chart,,,Nearshore
HAKAI,CALVERT,TEMP05,,,,,,,Nearshore
HAKAI,CALVERT,TEMP06,,,,,,,Nearshore
HAKAI,CALVERT,TEMP07,,,,,,,Nearshore
HAKAI,CALVERT,TEMP08,,,,,,,Nearshore
HAKAI,CALVERT,TEMP09,,,,,,,Nearshore
HAKAI,CALVERT,TEMP10,,,,,,,Nearshore
HAKAI,CALVERT,TEMP11,,,,,,,Nearshore
HAKAI,CALVERT,TEMP3,,,,,,,Nearshore
HAKAI,CALVERT,TEMP4,,,,,,,Nearshore
HAKAI,CALVERT,TEMP5,,,,,,,Nearshore
HAKAI,CALVERT,TEMP6,,,,,,,Nearshore
HAKAI,CALVERT,THOMPSON,52.1497200000001,-128.369,2.0,chart,,,Nearshore
HAKAI,CALVERT,THRASHER,,,,,,,Nearshore
HAKAI,CALVERT,TRIQUET,51.8035,-128.254,2.0,chart,,,Nearshore
HAKAI,CALVERT,TRIQUETBAY,,,,,,,Nearshore
HAKAI,CALVERT,TRIQUETMACROARMS,,,,,,,Nearshore
HAKAI,CALVERT,TRIQUETTA,,,,,,,Nearshore
HAKAI,CALVERT,TRIQUET_BAY_EDGE1,,,,,,,Nearshore
HAKAI,CALVERT,TRIQUET_BAY_EDGE2,,,,,,,Nearshore
HAKAI,CALVERT,TRIQUET_BAY_EDGE3,,,,,,,Nearshore
HAKAI,CALVERT,TRIQUET_BAY_INTERIOR4,,,,,,,Nearshore
HAKAI,CALVERT,TRIQUET_BAY_INTERIOR5,,,,,,,Nearshore
HAKAI,CALVERT,TRIQUET_BAY_INTERIOR6,,,,,,,Nearshore
HAKAI,CALVERT,TRIQUET_NORTH_EDGE1,,,,,,,Nearshore
HAKAI,CALVERT,TRIQUET_NORTH_EDGE2,,,,,,,Nearshore
HAKAI,CALVERT,TRIQUET_NORTH_EDGE3,,,,,,,Nearshore
HAKAI,CALVERT,TRIQUET_NORTH_INTERIOR4,,,,,,,Nearshore
HAKAI,CALVERT,TRIQUET_NORTH_INTERIOR5,,,,,,,Nearshore
HAKAI,CALVERT,TRIQUET_NORTH_INTERIOR6,,,,,,,Nearshore
HAKAI,CALVERT,TRQBYE2,,,,,,,Nearshore
HAKAI,CALVERT,TRQBYI5,,,,,,,Nearshore
HAKAI,CALVERT,TSUNAMIHILL 13L,,,,,,,Nearshore
HAKAI,CALVERT,TSUNAMIHILL 14L,,,,,,,Nearshore
HAKAI,CALVERT,TSUNAMIHILL 15L,,,,,,,Nearshore
HAKAI,CALVERT,TSUNAMIHILL 16L,,,,,,,Nearshore
HAKAI,CALVERT,TSUNAMIHILL 18L,,,,,,,Nearshore
HAKAI,CALVERT,TSUNAMIHILL DI_BLANK1,,,,,,,Nearshore
HAKAI,CALVERT,TSUNAMIHILL DI_BLANK2,,,,,,,Nearshore
HAKAI,CALVERT,TSUNAMIHILL L13,,,,,,,Nearshore
HAKAI,CALVERT,TSUNAMIHILL L14,,,,,,,Nearshore
HAKAI,CALVERT,TSUNAMIHILL L15,,,,,,,Nearshore
HAKAI,CALVERT,TSUNAMIHILL L16,,,,,,,Nearshore
HAKAI,CALVERT,TSUNAMIHILL L17,,,,,TSUNAMIHILL,TSUNAMIHILL,Watershed
HAKAI,CALVERT,TSUNAMIHILL L18,,,,,,,Nearshore
HAKAI,CALVERT,TSUNAMIHILL OUTLET,,,,,,,Nearshore
HAKAI,CALVERT,TSUNAMIHILL PZ13,,,,,,,Nearshore
HAKAI,CALVERT,TSUNAMIHILL PZ13B,,,,,,,Nearshore
HAKAI,CALVERT,TSUNAMIHILL PZ14,,,,,,,Nearshore
HAKAI,CALVERT,TSUNAMIHILL PZ14B,,,,,,,Nearshore
HAKAI,CALVERT,TSUNAMIHILL PZ15,,,,,,,Nearshore
HAKAI,CALVERT,TSUNAMIHILL PZ15B,,,,,,,Nearshore
HAKAI,CALVERT,TSUNAMIHILL PZ16,,,,,,,Nearshore
HAKAI,CALVERT,TSUNAMIHILL PZ16B,,,,,,,Nearshore
HAKAI,CALVERT,TSUNAMIHILL PZ17,,,,,,,Nearshore
HAKAI,CALVERT,TSUNAMIHILL PZ17B,,,,,,,Nearshore
HAKAI,CALVERT,TSUNAMIHILL PZ18,,,,,,,Nearshore
HAKAI,CALVERT,TSUNAMIHILL PZ18B,,,,,,,Nearshore
HAKAI,CALVERT,TSUNAMIHILL PZ3A,,,,,,,Nearshore
HAKAI,CALVERT,TSUNAMIHILL PZ3B,,,,,,,Nearshore
HAKAI,CALVERT,TSUNAMIHILL REFSTATION,,,,,TSUNAMIHILL,TSUNAMIHILL,Watershed
HAKAI,CALVERT,TSUNAMIHILL REFSTN,51.6517830000001,-128.12955,,land,TSUNAMIHILL,TSUNAMIHILL,Watershed
HAKAI,CALVERT,TSUNAMIHILL S4L,,,,,,,Nearshore
HAKAI,CALVERT,TSUNAMIHILL S4P,,,,,,,Nearshore
HAKAI,CALVERT,TSUNAMIHILL S6L,,,,,,,Nearshore
HAKAI,CALVERT,TSUNAMIHILL S6P,,,,,,,Nearshore
HAKAI,CALVERT,TSUNAMIHILL S7L,,,,,,,Nearshore
HAKAI,CALVERT,TSUNAMIHILL S7P,,,,,,,Nearshore
HAKAI,CALVERT,TSUNAMIHILL S8L,,,,,,,Nearshore
HAKAI,CALVERT,TSUNAMIHILL S8P,,,,,,,Nearshore
HAKAI,CALVERT,TSUNAMIHILL TSN2,,,,,,,Nearshore
HAKAI,CALVERT,TSUNAMIHILL TSN2 S4,,,,,,,Nearshore
HAKAI,CALVERT,TSUNAMIHILL TSN2-WTW18,,,,,,,Nearshore
HAKAI,CALVERT,TSUNAMIHILL TSN2S4,,,,,TSUNAMIHILL,TSUNAMIHILL,Watershed
HAKAI,CALVERT,TSUNAMIHILL TSN2WTW18,,,,,TSUNAMIHILL,TSUNAMIHILL,Watershed
HAKAI,CALVERT,TSUNAMIHILL TSN3,,,,,,,Nearshore
HAKAI,CALVERT,TSUNAMIHILL TSN3 S6,,,,,,,Nearshore
HAKAI,CALVERT,TSUNAMIHILL TSN3 S7,,,,,,,Nearshore
HAKAI,CALVERT,TSUNAMIHILL TSN3 S8,,,,,,,Nearshore
HAKAI,CALVERT,TSUNAMIHILL TSN3-PZS6,,,,,,,Nearshore
HAKAI,CALVERT,TSUNAMIHILL TSN3-WTW13,,,,,,,Nearshore
HAKAI,CALVERT,TSUNAMIHILL TSN3-WTW14,,,,,,,Nearshore
HAKAI,CALVERT,TSUNAMIHILL TSN3-WTW15,,,,,,,Nearshore
HAKAI,CALVERT,TSUNAMIHILL TSN3PZS6,,,,,TSUNAMIHILL,TSUNAMIHILL,Watershed
HAKAI,CALVERT,TSUNAMIHILL TSN3S6,,,,,TSUNAMIHILL,TSUNAMIHILL,Watershed
HAKAI,CALVERT,TSUNAMIHILL TSN3S7,,,,,TSUNAMIHILL,TSUNAMIHILL,Watershed
HAKAI,CALVERT,TSUNAMIHILL TSN3S8,,,,,TSUNAMIHILL,TSUNAMIHILL,Watershed
HAKAI,CALVERT,TSUNAMIHILL TSN3WTW13,,,,,TSUNAMIHILL,TSUNAMIHILL,Watershed
HAKAI,CALVERT,TSUNAMIHILL TSN3WTW14,,,,,TSUNAMIHILL,TSUNAMIHILL,Watershed
HAKAI,CALVERT,TSUNAMIHILL TSN3WTW15,,,,,TSUNAMIHILL,TSUNAMIHILL,Watershed
HAKAI,CALVERT,TSUNAMIHILL TSN8,,,,,,,Nearshore
HAKAI,CALVERT,TSUNAMIHILL WTW13,,,,,,,Nearshore
HAKAI,CALVERT,TSUNAMIHILL WTW14,,,,,,,Nearshore
HAKAI,CALVERT,TSUNAMIHILL WTW15,,,,,,,Nearshore
HAKAI,CALVERT,TSUNAMIHILL WTW16,,,,,,,Nearshore
HAKAI,CALVERT,TSUNAMIHILL WTW17,,,,,,,Nearshore
HAKAI,CALVERT,TSUNAMIHILL WTW18,,,,,,,Nearshore
HAKAI,CALVERT,TSUNAMIHILL WTW2,,,,,,,Nearshore
HAKAI,CALVERT,TSUNAMIHILL WTW2B,,,,,,,Nearshore
HAKAI,CALVERT,TSUNAMIHILL WTW3,,,,,,,Nearshore
HAKAI,CALVERT,UBC7,51.5003,-127.8182,155.0,CHS NONNA10 Bathymetry,,,Oceanography
HAKAI,CALVERT,UBC8,51.6737000000001,-127.2668,51.0,CHS NONNA10 Bathymetry,,,Oceanography
HAKAI,CALVERT,VIKINGBUOY,51.565545215,-128.238713131,120.0,CHS and NRCan Multibeam Echo Sounder Bathymetry,,,Nearshore
HAKAI,CALVERT,WANNOCK,,,,,,,Nearshore
HAKAI,CALVERT,WANNOCK DOCK,,,,,WANNOCK,WANNOCK,Watershed
HAKAI,CALVERT,WANNOCK OUTLET,,,,,WANNOCK,WANNOCK,Watershed
HAKAI,CALVERT,WANNOCK WR01,51.679021,-127.234528,,land,WANNOCK,WANNOCK,Watershed
HAKAI,CALVERT,WANNOCK WR02,51.6787550000001,-127.234705,,land,WANNOCK,WANNOCK,Watershed
HAKAI,CALVERT,WANNOCK WR03,51.679182,-127.230947,,land,WANNOCK,WANNOCK,Watershed
HAKAI,CALVERT,WANNOCK WR1,,,,,WANNOCK,WANNOCK,Watershed
HAKAI,CALVERT,WBCH01,51.6535000000001,-128.1493,10.0,CHS NONNA10 Bathymetry,,,Oceanography
HAKAI,CALVERT,WBCH02,51.6524000000001,-128.1657,28.0,CHS NONNA10 Bathymetry,,,Oceanography
HAKAI,CALVERT,WBCHRI_A,,,,,,,Nearshore
HAKAI,CALVERT,WBCHRI_B,,,,,,,Nearshore
HAKAI,CALVERT,WBCHRI_C,,,,,,,Nearshore
HAKAI,CALVERT,WBCH_A,,,,,,,Nearshore
HAKAI,CALVERT,WBCH_B,,,,,,,Nearshore
HAKAI,CALVERT,WBCH_C,,,,,,,Nearshore
HAKAI,CALVERT,WEST BEA,51.6482,-128.151,7.0,CHS and NRCan Multibeam Echo Sounder Bathymetry,,,Nearshore
HAKAI,CALVERT,WESTBEACH,51.64917,-128.151917,1.0,chart,,,Nearshore
HAKAI,CALVERT,WESTBEACHA,,,,,,,Nearshore
HAKAI,CALVERT,WESTBEACHB,,,,,,,Nearshore
HAKAI,CALVERT,WESTBEACHC,,,,,,,Nearshore
HAKAI,CALVERT,WESTBEACHMACROARMS,,,,,,,Nearshore
HAKAI,CALVERT,WESTBEACHNEREOARMS,,,,,,,Nearshore
HAKAI,CALVERT,WEST_A,,,,,,,Nearshore
HAKAI,CALVERT,WEST_B,,,,,,,Nearshore
HAKAI,CALVERT,WEST_C,,,,,,,Nearshore
HAKAI,CALVERT,WFB,51.67017,-128.12062,,,,,Nearshore
HAKAI,CALVERT,WHVIK,51.7119530000001,-128.235917,141.0,CHS NONNA10 Bathymetry,,,Nearshore
HAKAI,CALVERT,WOMANLY,,,,,,,Nearshore
HAKAI,CALVERT,WR 1,,,,,WR,WR,Watershed
HAKAI,CALVERT,WR01 OUTLET,,,,,,,Nearshore
HAKAI,CALVERT,WR1,51.67904,-127.23437,,land,,,Nearshore
HAKAI,CALVERT,WR1 OUTLET,,,,,,,Nearshore
HAKAI,CALVERT,WTW3 OUTLET,,,,,,,Nearshore
HAKAI,CALVERT,YSI,51.6749,-128.1201,5.0,CHS NONNA10 Bathymetry,,,Nearshore
HAKAI,CALVERT,YTT455,,,,,,,Nearshore
HAKAI,JOHNSTONE STRAIT,BLANK,,,,,,,Nearshore
HAKAI,JOHNSTONE STRAIT,J01,50.578487,-126.721845,20.0,chart,,,Oceanography
HAKAI,JOHNSTONE STRAIT,J02,50.599433,-126.703364,33.0,chart,,,Oceanography
HAKAI,JOHNSTONE STRAIT,J03,50.5469360000001,-126.671869,10.0,chart,,,Oceanography
HAKAI,JOHNSTONE STRAIT,J04,50.526352,-126.38762,27.0,chart,,,Oceanography
HAKAI,JOHNSTONE STRAIT,J05,50.4987350000001,-126.212568,45.0,chart,,,Oceanography
HAKAI,JOHNSTONE STRAIT,J06,50.475081,-126.033922,14.0,chart,,,Oceanography
HAKAI,JOHNSTONE STRAIT,J07,50.457325,-126.165533,49.0,chart,,,Oceanography
HAKAI,JOHNSTONE STRAIT,J08,50.480604,-126.409614,5.0,chart,,,Oceanography
HAKAI,JOHNSTONE STRAIT,J09,50.5440110000001,-126.814611,35.0,chart,,,Oceanography
HAKAI,JOHNSTONE STRAIT,J10,50.5580340000001,-126.734633,28.0,chart,,,Oceanography
HAKAI,JOHNSTONE STRAIT,J11,50.5390580000001,-126.777119,47.0,chart,,,Oceanography
HAKAI,JOHNSTONE STRAIT,J12,50.5264060000001,-126.727619,30.0,chart,,,Oceanography
HAKAI,JOHNSTONE STRAIT,J13,50.53779,-126.63191,26.0,chart,,,Oceanography
HAKAI,JOHNSTONE STRAIT,JS 2,,,,,,,Nearshore
HAKAI,JOHNSTONE STRAIT,JS02,,,,,,,Oceanography
HAKAI,JOHNSTONE STRAIT,JS1,50.6204000000001,-126.76469,152.0,CHS and NRCan Multibeam Echo Sounder Bathymetry,,,Oceanography
HAKAI,JOHNSTONE STRAIT,JS10,50.4847600000001,-126.338,250.0,CHS and NRCan Multibeam Echo Sounder Bathymetry,,,Oceanography
HAKAI,JOHNSTONE STRAIT,JS11,50.4863800000001,-126.23723,378.0,CHS and NRCan Multibeam Echo Sounder Bathymetry,,,Oceanography
HAKAI,JOHNSTONE STRAIT,JS12,50.5110300000001,-126.59595,418.0,CHS and NRCan Multibeam Echo Sounder Bathymetry,,,Oceanography
HAKAI,JOHNSTONE STRAIT,JS2,50.5480000000001,-126.696,300.0,chart,,,Oceanography
HAKAI,JOHNSTONE STRAIT,JS3,50.501,-126.338,312.0,CHS and NRCan Multibeam Echo Sounder Bathymetry,,,Oceanography
HAKAI,JOHNSTONE STRAIT,JS4,50.47,-126.137,320.0,CHS and NRCan Multibeam Echo Sounder Bathymetry,,,Oceanography
HAKAI,JOHNSTONE STRAIT,JS5,50.5845200000001,-126.69857,145.0,CHS and NRCan Multibeam Echo Sounder Bathymetry,,,Oceanography
HAKAI,JOHNSTONE STRAIT,JS6,50.5279600000001,-126.70714,359.0,CHS and NRCan Multibeam Echo Sounder Bathymetry,,,Oceanography
HAKAI,JOHNSTONE STRAIT,JS7,50.5000000000001,-126.50446,386.0,CHS and NRCan Multibeam Echo Sounder Bathymetry,,,Oceanography
HAKAI,JOHNSTONE STRAIT,JS8,50.5091200000001,-126.338,257.0,CHS and NRCan Multibeam Echo Sounder Bathymetry,,,Oceanography
HAKAI,JOHNSTONE STRAIT,JS9,50.4928800000001,-126.338,369.0,CHS and NRCan Multibeam Echo Sounder Bathymetry,,,Oceanography
HAKAI,JOHNSTONE STRAIT,JSC1,,,,,,,Nearshore
HAKAI,JOHNSTONE STRAIT,JSC2,,,,,,,Nearshore
HAKAI,JOHNSTONE STRAIT,JSC3,,,,,,,Nearshore
HAKAI,JOHNSTONE STRAIT,JSC4,,,,,,,Nearshore
HAKAI,JOHNSTONE STRAIT,JSC5,,,,,,,Nearshore
HAKAI,JOHNSTONE STRAIT,JSC6,,,,,,,Nearshore
HAKAI,JOHNSTONE STRAIT,JSC7,,,,,,,Nearshore
HAKAI,JOHNSTONE STRAIT,JSPP,50.5376399990001,-126.635219998,53.0,CHS and NRCan Multibeam Echo Sounder Bathymetry,,,Oceanography
HAKAI,JOHNSTONE STRAIT,KNI12,,,,,,,Nearshore
HAKAI,JOHNSTONE STRAIT,KNI13,,,,,,,Nearshore
HAKAI,JOHNSTONE STRAIT,KNI16,,,,,,,Nearshore
HAKAI,JOHNSTONE STRAIT,PRACTICE,,,,,,,Nearshore
HAKAI,LOWER MAINLAND,HS01,49.6146,-123.2376,,,,,Oceanography
HAKAI,LOWER MAINLAND,HS02,49.5435,-123.2752,,,,,Oceanography
HAKAI,LOWER MAINLAND,HS03,49.4007,-123.292,,,,,Oceanography
HAKAI,LOWER MAINLAND,HS04,49.3125,-123.3581,,,,,Oceanography
HAKAI,LOWER MAINLAND,HS05,49.4588,-123.4595,,,,,Oceanography
HAKAI,LOWER MAINLAND,HSGLASSR1,,,,,,,Nearshore
HAKAI,LOWER MAINLAND,HSPLANT,,,,,,,Nearshore
HAKAI,LOWER MAINLAND,IA01,49.4048,-122.8797,,,,,Oceanography
HAKAI,LOWER MAINLAND,IA02,49.3688,-122.8854,,,,,Oceanography
HAKAI,LOWER MAINLAND,IA03,49.3511,-122.9008,,,,,Oceanography
HAKAI,LOWER MAINLAND,IA04,49.2959,-123.0866,,,,,Oceanography
HAKAI,QUADRA,111,,,,,,,Projects
HAKAI,QUADRA,38,,,,,,,Projects
HAKAI,QUADRA,3859 GAUGINGSTATION,49.68981934,-123.1464767,,land,3859,3859,Watershed
HAKAI,QUADRA,3932 GAUGINGSTATION,49.4208297700001,-123.6402206,,land,3932,3932,Watershed
HAKAI,QUADRA,4745 OUTLET,50.38295134,-125.0524639,,land,4745,4745,Watershed
HAKAI,QUADRA,4767 OUTLET,50.499429896,-124.97230017,,land,4767,4767,Watershed
HAKAI,QUADRA,4791 TOWER2,50.5952,-124.8412,,land,4791,4791,Watershed
HAKAI,QUADRA,4791 TRIB1DS,50.59272,-124.8519,,land,4791,4791,Watershed
HAKAI,QUADRA,4791 TRIB1US,50.59119,-124.8521,,land,4791,4791,Watershed
HAKAI,QUADRA,4791TRIB DS,,,,,4791TRIB,4791TRIB,Watershed
HAKAI,QUADRA,4791TRIB US,,,,,4791TRIB,4791TRIB,Watershed
HAKAI,QUADRA,4791TRIB1 DS,,,,,4791TRIB1,4791TRIB1,Watershed
HAKAI,QUADRA,4791TRIB1 US,,,,,4791TRIB1,4791TRIB1,Watershed
HAKAI,QUADRA,4805 OUTLET,50.6651676500001,-124.8525849,,land,4805,4805,Watershed
HAKAI,QUADRA,4807 OUTLET,,,,,4807,4807,Watershed
HAKAI,QUADRA,4809 OUTLET,50.681452,-124.857651,7.0,chart,4809,4809,Watershed
HAKAI,QUADRA,4829 OUTLET,50.7601679300001,-124.8621035,,land,4829,4829,Watershed
HAKAI,QUADRA,4848 OUTLET,50.8245952670001,-124.864094071,,land,4848,4848,Watershed
HAKAI,QUADRA,4882 GAUGINGSTATION,,,,,4882,,Watershed
HAKAI,QUADRA,4889 OUTLET,50.8950698300001,-124.8648929,,land,4889,4889,Watershed
HAKAI,QUADRA,4914 OUTLET,50.8125704490001,-124.980805364,,land,4914,4914,Watershed
HAKAI,QUADRA,4968 OUTLET,50.6226916160001,-124.908662603,10.0,chart,4968,4968,Watershed
HAKAI,QUADRA,4981 OUTLET,,,,,4981,4981,Watershed
HAKAI,QUADRA,5005 OUTLET,50.468896079,-125.107041293,,land,5005,5005,Watershed
HAKAI,QUADRA,5209 HEYD1,50.57553762,-125.5790499,,land,5209,5209,Watershed
HAKAI,QUADRA,5209 HEYD2,50.57336,-125.59561,,land,5209,5209,Watershed
HAKAI,QUADRA,5299 TUNA1,50.4930134800001,-125.9674908,,land,5299,5299,Watershed
HAKAI,QUADRA,5322 FULL1,50.5643892300001,-125.9293932,,land,5322,5322,Watershed
HAKAI,QUADRA,5559  GLEN1,50.6504792000001,-125.7160576,,,,,Nearshore
HAKAI,QUADRA,5559  GLEN2,50.65383001,-125.7253951,,,,,Nearshore
HAKAI,QUADRA,5559 GLEN1,50.6504792000001,-125.7160576,,land,5559,5559,Watershed
HAKAI,QUADRA,5559 GLEN2,50.65383001,-125.7253951,,land,5559,5559,Watershed
HAKAI,QUADRA,5559 TOMB1,50.64871363,-125.7228062,,land,5559,5559,Watershed
HAKAI,QUADRA,5559GLEN1 OUTLET,,,,,5559GLEN1,5559GLEN1,Watershed
HAKAI,QUADRA,55637 GAUGINGSTATION,50.4403610200001,-126.5785065,,land,55637,55637,Watershed
HAKAI,QUADRA,5688 OUTLET,51.1010000000001,-125.544117,,land,5688,5688,Watershed
HAKAI,QUADRA,5693 GAUGINGSTATION,51.1447792100001,-125.5943604,,land,5693,5693,Watershed
HAKAI,QUADRA,5693 OUTLET,,,,,5693,5693,Watershed
HAKAI,QUADRA,5722 OUTLET,51.0274170000001,-125.62535,,land,5722,5722,Watershed
HAKAI,QUADRA,5819 OUTLET,50.7824870000001,-125.686447,,land,5819,5819,Watershed
HAKAI,QUADRA,5850 OUTLET,50.705063,-125.825524,,land,5850,5850,Watershed
HAKAI,QUADRA,5881 LULL1,50.70636849,-126.0242281,,land,5881,5881,Watershed
HAKAI,QUADRA,5881 LULLBAY,,,,,5881,5881,Watershed
HAKAI,QUADRA,5881 OUTLET,,,,,5881,5881,Watershed
HAKAI,QUADRA,59376 GAUGINGSTATION,48.8925018300001,-124.9694366,,land,59376,59376,Watershed
HAKAI,QUADRA,59377 GAUGINGSTATION,48.9155616800001,-124.9977798,,land,59377,59377,Watershed
HAKAI,QUADRA,59637 GAUGINGSTATION,49.2508316,-125.5833282,,,59637,59637,Watershed
HAKAI,QUADRA,59637 OUTLET,,,,,59637,59637,Watershed
HAKAI,QUADRA,6192 GAUGINGSTATION,51.00249863,-126.1177826,,land,6192,6192,Watershed
HAKAI,QUADRA,6252 GAUGINGSTATION,51.1027793900001,-126.4749985,,land,6252,6252,Watershed
HAKAI,QUADRA,6252 WATERSURVEYOFCANADA,,,,,6252,,Watershed
HAKAI,QUADRA,68539 GAUGINGSTATION,53.2526817300001,-132.138031,,land,68539,68539,Watershed
HAKAI,QUADRA,69781 GAUGINGSTATION,53.6138916,-132.2097168,,land,69781,69781,Watershed
HAKAI,QUADRA,73279 GAUGINGSTATION,53.05730057,-132.0513611,,land,73279,73279,Watershed
HAKAI,QUADRA,8395 OUTLET,50.2622297870001,-125.238156536,,land,8395,8395,Watershed
HAKAI,QUADRA,8405 OUTLET,50.1652691360001,-125.1877146,,land,8405,8405,Watershed
HAKAI,QUADRA,8407 OUTLET,50.1396180400001,-125.218893383,,land,8407,8407,Watershed
HAKAI,QUADRA,8408 OUTLET,,,,,8408,8408,Watershed
HAKAI,QUADRA,8504 OUTLET,,,,,8504,8504,Watershed
HAKAI,QUADRA,9245 OUTLET,50.26057589,-125.1815014,,land,9245,9245,Watershed
HAKAI,QUADRA,9257 OUTLET,50.3037298200001,-125.1100661,,land,9257,9257,Watershed
HAKAI,QUADRA,9265 OUTLET,50.2426583700001,-125.1335566,,land,9265,9265,Watershed
HAKAI,QUADRA,9572 OUTLET,50.320716739,-125.242950285,,land,9572,9572,Watershed
HAKAI,QUADRA,A01,,,,,,,Nearshore
HAKAI,QUADRA,A1,,,,,,,Nearshore
HAKAI,QUADRA,A2,,,,,,,Nearshore
HAKAI,QUADRA,BEAR BEAR1,50.8341983940001,-124.954783833,,land,BEAR,BEAR,Watershed
HAKAI,QUADRA,BEARCRK BEAR1,,,,,BEARCRK,BEARCRK,Watershed
HAKAI,QUADRA,BOLDISLAND,,,,,,,Nearshore
HAKAI,QUADRA,BS1,49.6083333330001,-124.866666667,37.0,CHS and NRCan Multibeam Echo Sounder Bathymetry,,,Nearshore
HAKAI,QUADRA,BS14,49.645003484,-124.899002682,34.0,CHS and NRCan Multibeam Echo Sounder Bathymetry,,,Nearshore
HAKAI,QUADRA,BS15,49.5558538560001,-124.85729602,45.0,CHS and NRCan Multibeam Echo Sounder Bathymetry,,,Nearshore
HAKAI,QUADRA,BS16,49.5157867930001,-124.804905364,52.0,CHS and NRCan Multibeam Echo Sounder Bathymetry,,,Nearshore
HAKAI,QUADRA,BS17,49.477167975,-124.754287061,91.0,CHS and NRCan Multibeam Echo Sounder Bathymetry,,,Nearshore
HAKAI,QUADRA,BS1_DBOS,49.612799975,-124.875603447,35.0,CHS and NRCan Multibeam Echo Sounder Bathymetry,,,Nearshore
HAKAI,QUADRA,BS3,49.691666667,-124.666666667,222.0,CHS and NRCan Multibeam Echo Sounder Bathymetry,,,Nearshore
HAKAI,QUADRA,BS6,49.4850006840001,-124.60499976,67.0,CHS and NRCan Multibeam Echo Sounder Bathymetry,,,Nearshore
HAKAI,QUADRA,BS7,49.483331257,-124.766668,59.0,CHS and NRCan Multibeam Echo Sounder Bathymetry,,,Nearshore
HAKAI,QUADRA,BU1,50.3700000000001,-125.08,602.0,CHS and NRCan Multibeam Echo Sounder Bathymetry,,,Oceanography
HAKAI,QUADRA,BU2,50.4683000000001,-125.0767,648.0,CHS and NRCan Multibeam Echo Sounder Bathymetry,,,Oceanography
HAKAI,QUADRA,BU3,50.5283000000001,-124.9667,645.0,CHS and NRCan Multibeam Echo Sounder Bathymetry,,,Oceanography
HAKAI,QUADRA,BU4,50.5883000000001,-124.9033,631.0,CHS and NRCan Multibeam Echo Sounder Bathymetry,,,Oceanography
HAKAI,QUADRA,BU5,50.6776914120001,-124.888827095,561.0,CHS and NRCan Multibeam Echo Sounder Bathymetry,,,Oceanography
HAKAI,QUADRA,BU6,50.755,-124.9,471.0,CHS and NRCan Multibeam Echo Sounder Bathymetry,,,Oceanography
HAKAI,QUADRA,BU7,50.83,-124.8917,347.0,CHS and NRCan Multibeam Echo Sounder Bathymetry,,,Oceanography
HAKAI,QUADRA,BU8,50.8883000000001,-124.8467,264.0,CHS and NRCan Multibeam Echo Sounder Bathymetry,,,Oceanography
HAKAI,QUADRA,C13,,,,,,,Nearshore
HAKAI,QUADRA,CAMP CAMP1,,,,,,,Nearshore
HAKAI,QUADRA,CAMP HATCHERYINTAKE,,,,,CAMP,CAMP,Watershed
HAKAI,QUADRA,CAMP PELICANWHEEL,,,,,CAMP,CAMP,Watershed
HAKAI,QUADRA,CAMPCREEK OUTLET,,,,,CAMPCREEK,CAMPCREEK,Watershed
HAKAI,QUADRA,CAMPCREEK WATERINTAKE,50.954283,-124.8647,,land,CAMPCREEK,CAMPCREEK,Watershed
HAKAI,QUADRA,CARN1,48.91556,-124.99778,,land,,,Nearshore
HAKAI,QUADRA,CARNATION CARN1,48.91556,-124.99778,,land,CARNATION,,Watershed
HAKAI,QUADRA,CLEM1,49.1607280000001,-125.139963,,land,,,Nearshore
HAKAI,QUADRA,CLEMENS CLEM1,49.1607280000001,-125.139963,,land,CLEMENS,,Watershed
HAKAI,QUADRA,COLO1,50.33,-127.44,,land,,,Nearshore
HAKAI,QUADRA,COLONIAL COLO1,50.33,-127.44,,land,COLONIAL,,Watershed
HAKAI,QUADRA,CONU1,49.800907,-126.412275,,land,,,Nearshore
HAKAI,QUADRA,CONUMA CONU1,49.800907,-126.412275,,land,CONUMA,,Watershed
HAKAI,QUADRA,CRES1,49.8410700000001,-125.90671,,land,,,Nearshore
HAKAI,QUADRA,CREST CRES1,49.8410700000001,-125.90671,,land,CREST,,Watershed
HAKAI,QUADRA,CRUICKSHANK CRUC1,,,,,CRUICKSHANK,,Watershed
HAKAI,QUADRA,CRUIKSHANK CRUC1,,,,,CRUIKSHANK,,Watershed
HAKAI,QUADRA,CRUIKSHANK CRUK1,49.57878,-125.21403,,land,CRUIKSHANK,,Watershed
HAKAI,QUADRA,CRUK1,49.57878,-125.21403,,land,,,Nearshore
HAKAI,QUADRA,CUMSACK  CMSK1,50.9341000000001,-124.897433,,,,,Nearshore
HAKAI,QUADRA,CUMSACK CMSK1,,,,,,,Nearshore
HAKAI,QUADRA,CUMSACK CSMK1,50.9341000000001,-124.897433,,land,,,Nearshore
HAKAI,QUADRA,D01,49.9613000000001,-124.747,77.0,CHS and NRCan Multibeam Echo Sounder Bathymetry,,,Oceanography
HAKAI,QUADRA,D02,50.0790200000001,-124.8509,112.0,CHS and NRCan Multibeam Echo Sounder Bathymetry,,,Oceanography
HAKAI,QUADRA,D03,50.11841667,-125.075117,13.0,CHS and NRCan Multibeam Echo Sounder Bathymetry,,,Oceanography
HAKAI,QUADRA,D04,49.9964450000001,-125.147117,12.0,CHS NONNA10 Bathymetry,,,Oceanography
HAKAI,QUADRA,D05,50.1659000000001,-124.8888,44.0,CHS and NRCan Multibeam Echo Sounder Bathymetry,,,Oceanography
HAKAI,QUADRA,D06,50.100153,-125.272652,31.0,CHS NONNA10 Bathymetry,,,Oceanography
HAKAI,QUADRA,D07,50.190769,-125.143142,23.0,CHS NONNA10 Bathymetry,,,Oceanography
HAKAI,QUADRA,D08,50.319983,-125.040963,97.0,CHS and NRCan Multibeam Echo Sounder Bathymetry,,,Oceanography
HAKAI,QUADRA,D09,50.3072760000001,-125.329834,60.0,CHS and NRCan Multibeam Echo Sounder Bathymetry,,,Oceanography
HAKAI,QUADRA,D10,50.44365,-125.279,254.0,chart,,,Oceanography
HAKAI,QUADRA,D11,50.348145,-125.455652,7.0,chart,,,Oceanography
HAKAI,QUADRA,D12,50.1168860000001,-125.210626,65.0,CHS NONNA10 Bathymetry,,,Oceanography
HAKAI,QUADRA,D13,,,,,,,Oceanography
HAKAI,QUADRA,D20,50.4621220000001,-125.364704,49.0,chart,,,Oceanography
HAKAI,QUADRA,D21,50.3909370000001,-125.372675,61.0,CHS and NRCan Multibeam Echo Sounder Bathymetry,,,Oceanography
HAKAI,QUADRA,D22,50.2440690000001,-125.397371,20.0,chart,,,Oceanography
HAKAI,QUADRA,D23,,,,,,,Oceanography
HAKAI,QUADRA,D24,50.2380610000001,-125.117914,58.0,CHS and NRCan Multibeam Echo Sounder Bathymetry,,,Oceanography
HAKAI,QUADRA,D25,50.0224650000001,-124.916635,14.0,CHS and NRCan Multibeam Echo Sounder Bathymetry,,,Oceanography
HAKAI,QUADRA,D26,49.9170570000001,-125.164744,16.0,chart,,,Oceanography
HAKAI,QUADRA,D27,50.274476,-125.377946,15.0,chart,,,Oceanography
HAKAI,QUADRA,D27F,,,,,,,Nearshore
HAKAI,QUADRA,D28,50.3899200000001,-125.613237,65.0,chart,,,Oceanography
HAKAI,QUADRA,D29,50.30375,-125.03169,,,,,Oceanography
HAKAI,QUADRA,D30,50.291476,-125.31317,36.0,CHS and NRCan Multibeam Echo Sounder Bathymetry,,,Oceanography
HAKAI,QUADRA,D31,,,,,,,Oceanography
HAKAI,QUADRA,D32,,,,,,,Oceanography
HAKAI,QUADRA,D34,,,,,,,Oceanography
HAKAI,QUADRA,D35,50.4564500000001,-125.267,30.0,CHS and NRCan Multibeam Echo Sounder Bathymetry,,,Oceanography
HAKAI,QUADRA,DI10,50.3036000000001,-125.3274,81.0,CHS and NRCan Multibeam Echo Sounder Bathymetry,,,Oceanography
HAKAI,QUADRA,DI11,50.3453000000001,-125.4309,316.0,CHS and NRCan Multibeam Echo Sounder Bathymetry,,,Oceanography
HAKAI,QUADRA,DI12,50.2397,-125.383,225.0,CHS and NRCan Multibeam Echo Sounder Bathymetry,,,Oceanography
HAKAI,QUADRA,DI13,50.0445,-125.2351,79.0,CHS and NRCan Multibeam Echo Sounder Bathymetry,,,Oceanography
HAKAI,QUADRA,DI16,,,,,,,Oceanography
HAKAI,QUADRA,DI18,50.1000000000001,-125.293333,69.0,CHS and NRCan Multibeam Echo Sounder Bathymetry,,,Oceanography
HAKAI,QUADRA,DI18DI17,,,,,,,Nearshore
HAKAI,QUADRA,DI19,50.1972000000001,-125.367,198.0,CHS and NRCan Multibeam Echo Sounder Bathymetry,,,Oceanography
HAKAI,QUADRA,DI20,50.2614904000001,-125.38489,244.0,CHS and NRCan Multibeam Echo Sounder Bathymetry,,,Oceanography
HAKAI,QUADRA,DI21,50.2946855000001,-125.3306,106.0,CHS and NRCan Multibeam Echo Sounder Bathymetry,,,Oceanography
HAKAI,QUADRA,DI24,50.2818844250001,-125.400802498,213.0,CHS and NRCan Multibeam Echo Sounder Bathymetry,,,Oceanography
HAKAI,QUADRA,DI25,50.3207,-125.2656,72.0,CHS and NRCan Multibeam Echo Sounder Bathymetry,,,Oceanography
HAKAI,QUADRA,DI32,,,,,,,Oceanography
HAKAI,QUADRA,DI6,50.3974000000001,-125.1856,125.0,CHS NONNA10 Bathymetry,,,Oceanography
HAKAI,QUADRA,DI7,50.4476000000001,-125.3006,312.0,CHS and NRCan Multibeam Echo Sounder Bathymetry,,,Oceanography
HAKAI,QUADRA,DI8,50.3726,-125.3567,207.0,CHS and NRCan Multibeam Echo Sounder Bathymetry,,,Oceanography
HAKAI,QUADRA,DI_BLANK1,,,,,,,Nearshore
HAKAI,QUADRA,DI_BLANK2,,,,,,,Nearshore
HAKAI,QUADRA,DREW DREW1,50.088211115,-125.192434603,,land,DREW,DREW,Watershed
HAKAI,QUADRA,DREW FTLTANK,,,,,DREW,DREW,Watershed
HAKAI,QUADRA,DREW HERIOTBAYROAD,,,,,DREW,DREW,Watershed
HAKAI,QUADRA,DREWCREEK CARSTOP,,,,,DREWCREEK,DREWCREEK,Watershed
HAKAI,QUADRA,DREWCREEK FTLTANK,,,,,DREWCREEK,DREWCREEK,Watershed
HAKAI,QUADRA,ELK ELKR1,49.8572300000001,-125.81268,,land,ELK,,Watershed
HAKAI,QUADRA,ELKR1,49.8572300000001,-125.81268,,land,,,Nearshore
HAKAI,QUADRA,ELLIOT ELTC1,50.8592390000001,-124.6651,,land,ELLIOT,,Watershed
HAKAI,QUADRA,ELLIOT ELTC2,50.8622120000001,-124.670879,,land,ELLIOT,,Watershed
HAKAI,QUADRA,ELLIOT ELTC3,,,,,ELLIOT,,Watershed
HAKAI,QUADRA,ELLIOT RUSTYCREEK,50.8659740000001,-124.672201,,land,ELLIOT,,Watershed
HAKAI,QUADRA,ELLIOT RUSTYPOOL,50.867783,-124.687728,,land,ELLIOT,,Watershed
HAKAI,QUADRA,ESPI1,49.988543,-126.946291,,land,,,Nearshore
HAKAI,QUADRA,ESPINOSA ESPI1,49.988543,-126.946291,,land,ESPINOSA,,Watershed
HAKAI,QUADRA,FAKE,,,,,,,Nearshore
HAKAI,QUADRA,FCRK01,,,,,,,Nearshore
HAKAI,QUADRA,FCRK02,,,,,,,Nearshore
HAKAI,QUADRA,FCRK03,,,,,,,Nearshore
HAKAI,QUADRA,FCRK04,,,,,,,Nearshore
HAKAI,QUADRA,FCRK05,,,,,,,Nearshore
HAKAI,QUADRA,FCRK06,,,,,,,Nearshore
HAKAI,QUADRA,FCRK07,,,,,,,Nearshore
HAKAI,QUADRA,FCRK08,,,,,,,Nearshore
HAKAI,QUADRA,FCRK09,,,,,,,Nearshore
HAKAI,QUADRA,FCRK10,,,,,,,Nearshore
HAKAI,QUADRA,FCRK11,,,,,,,Nearshore
HAKAI,QUADRA,FCRK12,,,,,,,Nearshore
HAKAI,QUADRA,FLOC 0_T1,,,,,,,Nearshore
HAKAI,QUADRA,FLOC 0_T2,,,,,,,Nearshore
HAKAI,QUADRA,FLOC 0_T3,,,,,,,Nearshore
HAKAI,QUADRA,FLOC 100_T1,,,,,,,Nearshore
HAKAI,QUADRA,FLOC 100_T3,,,,,,,Nearshore
HAKAI,QUADRA,FLOC 20_T1,,,,,,,Nearshore
HAKAI,QUADRA,FLOC 20_T2,,,,,,,Nearshore
HAKAI,QUADRA,FLOC 20_T3,,,,,,,Nearshore
HAKAI,QUADRA,FLOC 40_T1,,,,,,,Nearshore
HAKAI,QUADRA,FLOC 40_T2,,,,,,,Nearshore
HAKAI,QUADRA,FLOC 40_T3,,,,,,,Nearshore
HAKAI,QUADRA,FLOC 60_T1,,,,,,,Nearshore
HAKAI,QUADRA,FLOC 60_T3,,,,,,,Nearshore
HAKAI,QUADRA,FLOC 80_T1,,,,,,,Nearshore
HAKAI,QUADRA,FLOC 80_T2,,,,,,,Nearshore
HAKAI,QUADRA,FLOC 80_T3,,,,,,,Nearshore
HAKAI,QUADRA,FLOCCULATION 100_T2,,,,,,,Nearshore
HAKAI,QUADRA,FLOCCULATION 60_T2,,,,,,,Nearshore
HAKAI,QUADRA,FLOWCAL,,,,,,,Nearshore
HAKAI,QUADRA,GOLD GOLD1,49.7023100000001,-126.11141,,land,GOLD,,Watershed
HAKAI,QUADRA,GOLD1,49.7023100000001,-126.11141,,land,,,Nearshore
HAKAI,QUADRA,GORD1,48.6120000000001,-124.43372,,land,,,Nearshore
HAKAI,QUADRA,GORDON GORD1,48.6120000000001,-124.43372,,land,GORDON,,Watershed
HAKAI,QUADRA,HEYDON HEYD2,,,,,HEYDON,HEYDON,Watershed
HAKAI,QUADRA,HOLDINGTANKINTAKE,,,,,,,Nearshore
HAKAI,QUADRA,HOMATHCO,,,,,,,Nearshore
HAKAI,QUADRA,HOMATHKO 2,,,,,HOMATHKO,HOMATHKO,Watershed
HAKAI,QUADRA,HOMATHKO GAUGINGSTATION,,,,,HOMATHKO,,Watershed
HAKAI,QUADRA,HOMATHKO HOCA,,,,,,,Nearshore
HAKAI,QUADRA,HOMATHKO HOMA1,50.95302393,-124.8682698,,land,HOMATHKO,HOMATHKO,Watershed
HAKAI,QUADRA,HOMATHKO HOMA2,50.9564,-124.900683,,land,HOMATHKO,HOMATHKO,Watershed
HAKAI,QUADRA,HOMATHKO HOMA3,50.9894678000001,-124.918908,,land,HOMATHKO,HOMATHKO,Watershed
HAKAI,QUADRA,HOMATHKO HOMA4,,,,,HOMATHKO,HOMATHKO,Watershed
HAKAI,QUADRA,HOMATHKO_TRIB T5KM1,50.9753030000001,-124.908217,,land,HOMATHKO_TRIB,HOMATHKO_TRIB,Watershed
HAKAI,QUADRA,HONN1,,,,,,,Nearshore
HAKAI,QUADRA,HONNA HONN1,,,,,HONNA,,Watershed
HAKAI,QUADRA,HYACINTHBAYCREEK HYACINTHEBAYROAD,,,,,HYACINTHBAYCREEK,HYACINTHBAYCREEK,Watershed
HAKAI,QUADRA,HYACINTHE HYAC1,50.133383,-125.254017,,land,HYACINTHE,HYACINTHE,Watershed
HAKAI,QUADRA,HYACINTHE HYACINTHEBAYROAD,,,,,HYACINTHE,HYACINTHE,Watershed
HAKAI,QUADRA,HYACINTHE OUTLET,,,,,HYACINTHE,HYACINTHE,Watershed
HAKAI,QUADRA,HYACINTHEBAY,,,,,,,Nearshore
HAKAI,QUADRA,HYACINTHECREEK HYACINTHEBAYROAD,,,,,HYACINTHECREEK,HYACINTHECREEK,Watershed
HAKAI,QUADRA,KEOG1,50.6719700000001,-127.34867,,land,,,Nearshore
HAKAI,QUADRA,KEOGH KEOG1,50.6719700000001,-127.34867,,land,KEOGH,,Watershed
HAKAI,QUADRA,KING1,,,,,,,Nearshore
HAKAI,QUADRA,KINGCOME KING1,,,,,KINGCOME,,Watershed
HAKAI,QUADRA,KLAS1,50.29013,-127.6979,,land,,,Nearshore
HAKAI,QUADRA,KLASKISH KLAS1,50.29013,-127.6979,,land,KLASKISH,,Watershed
HAKAI,QUADRA,KLEE1,49.6715100000001,-126.35255,,land,,,Nearshore
HAKAI,QUADRA,KLEEPTEE KLEE1,49.6715100000001,-126.35255,,land,KLEEPTEE,,Watershed
HAKAI,QUADRA,KLIN1,,,,,,,Nearshore
HAKAI,QUADRA,KLINAKLINI KLIN1,,,,,KLINAKLINI,,Watershed
HAKAI,QUADRA,KN1,50.635,-126.4217,253.0,CHS and NRCan Multibeam Echo Sounder Bathymetry,,,Oceanography
HAKAI,QUADRA,KN10,50.9767000000001,-125.5583,331.0,CHS and NRCan Multibeam Echo Sounder Bathymetry,,,Oceanography
HAKAI,QUADRA,KN11,51.0417,-125.5667,207.0,CHS and NRCan Multibeam Echo Sounder Bathymetry,,,Oceanography
HAKAI,QUADRA,KN2,50.655,-126.1833,180.0,CHS and NRCan Multibeam Echo Sounder Bathymetry,,,Oceanography
HAKAI,QUADRA,KN3,50.6700000000001,-126.0667,183.0,chart,,,Oceanography
HAKAI,QUADRA,KN4,50.6817,-125.9367,438.0,CHS and NRCan Multibeam Echo Sounder Bathymetry,,,Oceanography
HAKAI,QUADRA,KN5,50.6933000000001,-125.7833,394.0,CHS and NRCan Multibeam Echo Sounder Bathymetry,,,Oceanography
HAKAI,QUADRA,KN6,50.755,-125.685,517.0,CHS and NRCan Multibeam Echo Sounder Bathymetry,,,Oceanography
HAKAI,QUADRA,KN7,50.8017,-125.6217,514.0,CHS and NRCan Multibeam Echo Sounder Bathymetry,,,Oceanography
HAKAI,QUADRA,KN8,50.8717,-125.645,487.0,CHS and NRCan Multibeam Echo Sounder Bathymetry,,,Oceanography
HAKAI,QUADRA,KN9,50.905,-125.5467,411.0,CHS and NRCan Multibeam Echo Sounder Bathymetry,,,Oceanography
HAKAI,QUADRA,LAB,,,,,,,Nearshore
HAKAI,QUADRA,LD1,49.996666121,-124.821666696,117.0,CHS and NRCan Multibeam Echo Sounder Bathymetry,,,Oceanography
HAKAI,QUADRA,LD2,49.9633332160001,-124.856666659,160.0,CHS and NRCan Multibeam Echo Sounder Bathymetry,,,Oceanography
HAKAI,QUADRA,LD3,50.019999785,-124.881666659,268.0,CHS and NRCan Multibeam Echo Sounder Bathymetry,,,Oceanography
HAKAI,QUADRA,LEIN1,49.915223,-126.624576,,land,,,Nearshore
HAKAI,QUADRA,LEINER LEIN1,49.915223,-126.624576,,land,LEINER,,Watershed
HAKAI,QUADRA,LEO1,,,,,,,Nearshore
HAKAI,QUADRA,LEO2,,,,,,,Nearshore
HAKAI,QUADRA,LULL LULL1,,,,,LULL,LULL,Watershed
HAKAI,QUADRA,MARBLE MARB1,,,,,MARBLE,,Watershed
HAKAI,QUADRA,MCCURDY MCDY1,49.67272,-126.18793,,land,MCCURDY,,Watershed
HAKAI,QUADRA,MCDY1,49.67272,-126.18793,,land,,,Nearshore
HAKAI,QUADRA,MELLERSH MELLER1,,,,,MELLERSH,MELLERSH,Watershed
HAKAI,QUADRA,MELLERSH MELR1,50.776171285,-124.951460679,,land,MELLERSH,MELLERSH,Watershed
HAKAI,QUADRA,MELLERSH OUTLET,,,,,MELLERSH,MELLERSH,Watershed
HAKAI,QUADRA,MOH  MOH1,50.5184400000001,-125.037754,,land,,,Nearshore
HAKAI,QUADRA,NAHM1,49.08685,-124.944635,,land,,,Nearshore
HAKAI,QUADRA,NAHMINT NAHM1,49.08685,-124.944635,,land,NAHMINT,,Watershed
HAKAI,QUADRA,NAVIK,49.7011111,-124.71778,287.0,CHS and NRCan Multibeam Echo Sounder Bathymetry,,,Nearshore
HAKAI,QUADRA,NIMP1,50.2148300000001,-126.61081,,land,,,Nearshore
HAKAI,QUADRA,NIMPKISH NIMP1,50.2148300000001,-126.61081,,land,NIMPKISH,,Watershed
HAKAI,QUADRA,OB2,50.31461667,-125.23345,,,,,Nearshore
HAKAI,QUADRA,OB3,50.32018333,-125.227633,,,,,Nearshore
HAKAI,QUADRA,OB4,50.31355,-125.22595,,,,,Nearshore
HAKAI,QUADRA,OB5,50.30786667,-125.2276,,,,,Nearshore
HAKAI,QUADRA,OB6,50.30548333,-125.2287,,,,,Nearshore
HAKAI,QUADRA,OFFICE QUADRA,50.1162556,-125.2221111,1.0,land,OFFICE,OFFICE,Watershed
HAKAI,QUADRA,ORFORD CAMPINDS,,,,,ORFORD,ORFORD,Watershed
HAKAI,QUADRA,ORFORD CAMPINUS,,,,,ORFORD,ORFORD,Watershed
HAKAI,QUADRA,ORFORD ORFRDTOWER2,,,,,ORFORD,ORFORD,Watershed
HAKAI,QUADRA,ORFORD TOWER2,,,,,ORFORD,ORFORD,Watershed
HAKAI,QUADRA,OTHER,,,,,,,Nearshore
HAKAI,QUADRA,OTHER CARSTOP,,,,,OTHER,OTHER,Watershed
HAKAI,QUADRA,OTHER FTLTANK,,,,,OTHER,OTHER,Watershed
HAKAI,QUADRA,OTHER HYACINTHEBAYROAD,,,,,OTHER,OTHER,Watershed
HAKAI,QUADRA,PALLANT PALT1,,,,,PALLANT,,Watershed
HAKAI,QUADRA,PALT1,,,,,,,Nearshore
HAKAI,QUADRA,PARADISE  PDSE1,50.5881380000001,-124.953906,,,,,Nearshore
HAKAI,QUADRA,PARADISE PDSE1,50.5881380000001,-124.953906,0.0,chart,PARADISE,PARADISE,Watershed
HAKAI,QUADRA,PARADISECRK PARADISE1,,,,,PARADISECRK,PARADISECRK,Watershed
HAKAI,QUADRA,PN1,50.2922299,-124.7247928,18.0,CHS and NRCan Multibeam Echo Sounder Bathymetry,,,Oceanography
HAKAI,QUADRA,PN2,50.2922441700001,-124.7285459,71.0,CHS and NRCan Multibeam Echo Sounder Bathymetry,,,Oceanography
HAKAI,QUADRA,PN3,50.26967904,-124.7154525,235.0,CHS and NRCan Multibeam Echo Sounder Bathymetry,,,Oceanography
HAKAI,QUADRA,PN4,50.2128505800001,-124.7489999,402.0,CHS and NRCan Multibeam Echo Sounder Bathymetry,,,Oceanography
HAKAI,QUADRA,PPSTATION,,,,,,,Nearshore
HAKAI,QUADRA,PR6,49.8600000000001,-125.026666667,125.0,CHS and NRCan Multibeam Echo Sounder Bathymetry,,,Oceanography
HAKAI,QUADRA,PR7,49.904999928,-124.988333361,19.0,CHS and NRCan Multibeam Echo Sounder Bathymetry,,,Oceanography
HAKAI,QUADRA,PR8,49.9216666670001,-124.92,234.0,CHS and NRCan Multibeam Echo Sounder Bathymetry,,,Oceanography
HAKAI,QUADRA,PUGH PUGH1,50.7345,-127.88225,,land,PUGH,,Watershed
HAKAI,QUADRA,PUGH1,50.7345,-127.88225,,land,,,Nearshore
HAKAI,QUADRA,Q17,,,,,,,Nearshore
HAKAI,QUADRA,Q32,,,,,,,Nearshore
HAKAI,QUADRA,Q39,,,,,,,Nearshore
HAKAI,QUADRA,Q5,,,,,,,Nearshore
HAKAI,QUADRA,Q9,,,,,,,Nearshore
HAKAI,QUADRA,QRAFT1,,,,,,,Nearshore
HAKAI,QUADRA,QS1,50.0498000000001,-125.111,272.0,CHS and NRCan Multibeam Echo Sounder Bathymetry,,,Nearshore
HAKAI,QUADRA,QU08,,,,,,,Oceanography
HAKAI,QUADRA,QU1,50.0790000000001,-125.141,216.0,CHS and NRCan Multibeam Echo Sounder Bathymetry,,,Oceanography
HAKAI,QUADRA,QU10,50.232,-125.121,72.0,CHS and NRCan Multibeam Echo Sounder Bathymetry,,,Oceanography
HAKAI,QUADRA,QU11,50.2578,-125.0948,37.0,CHS and NRCan Multibeam Echo Sounder Bathymetry,,,Oceanography
HAKAI,QUADRA,QU12,50.2773000000001,-125.0814,102.0,CHS and NRCan Multibeam Echo Sounder Bathymetry,,,Oceanography
HAKAI,QUADRA,QU16,50.1200000000001,-125.16,160.0,CHS and NRCan Multibeam Echo Sounder Bathymetry,,,Oceanography
HAKAI,QUADRA,QU17,50.1200000000001,-125.13,178.0,CHS and NRCan Multibeam Echo Sounder Bathymetry,,,Oceanography
HAKAI,QUADRA,QU18,50.08,-125.16,86.0,CHS and NRCan Multibeam Echo Sounder Bathymetry,,,Oceanography
HAKAI,QUADRA,QU19,50.08,-125.13,245.0,CHS and NRCan Multibeam Echo Sounder Bathymetry,,,Oceanography
HAKAI,QUADRA,QU2,50.0929,-125.1631,101.0,CHS and NRCan Multibeam Echo Sounder Bathymetry,,,Oceanography
HAKAI,QUADRA,QU20,50.08,-125.1,236.0,CHS and NRCan Multibeam Echo Sounder Bathymetry,,,Oceanography
HAKAI,QUADRA,QU21,50.08,-125.08,68.0,CHS and NRCan Multibeam Echo Sounder Bathymetry,,,Oceanography
HAKAI,QUADRA,QU22,50.03,-125.15,137.0,CHS and NRCan Multibeam Echo Sounder Bathymetry,,,Oceanography
HAKAI,QUADRA,QU23,50.03,-125.12,251.0,CHS and NRCan Multibeam Echo Sounder Bathymetry,,,Oceanography
HAKAI,QUADRA,QU24,50.03,-125.08,234.0,CHS and NRCan Multibeam Echo Sounder Bathymetry,,,Oceanography
HAKAI,QUADRA,QU25,50.03,-125.05,18.0,CHS and NRCan Multibeam Echo Sounder Bathymetry,,,Oceanography
HAKAI,QUADRA,QU26,50.03,-125.01,70.0,CHS and NRCan Multibeam Echo Sounder Bathymetry,,,Oceanography
HAKAI,QUADRA,QU27,50.1250000000001,-125.23,15.0,CHS and NRCan Multibeam Echo Sounder Bathymetry,,,Oceanography
HAKAI,QUADRA,QU28,50.2169000000001,-125.1374,87.0,CHS and NRCan Multibeam Echo Sounder Bathymetry,,,Oceanography
HAKAI,QUADRA,QU29,50.2536000000001,-125.1885,137.0,CHS and NRCan Multibeam Echo Sounder Bathymetry,,,Oceanography
HAKAI,QUADRA,QU3,50.1154000000001,-125.185,125.0,CHS and NRCan Multibeam Echo Sounder Bathymetry,,,Oceanography
HAKAI,QUADRA,QU30,50.2409969890001,-125.172007254,110.0,chart,,,Oceanography
HAKAI,QUADRA,QU31,50.2690000000001,-125.209,85.0,CHS and NRCan Multibeam Echo Sounder Bathymetry,,,Oceanography
HAKAI,QUADRA,QU32,50.3119,-125.2492,106.0,CHS and NRCan Multibeam Echo Sounder Bathymetry,,,Oceanography
HAKAI,QUADRA,QU33,50.3151,-125.089,343.0,CHS and NRCan Multibeam Echo Sounder Bathymetry,,,Oceanography
HAKAI,QUADRA,QU34,50.1200000000001,-125.1,127.0,CHS and NRCan Multibeam Echo Sounder Bathymetry,,,Oceanography
HAKAI,QUADRA,QU35,50.241,-125.02,484.0,CHS and NRCan Multibeam Echo Sounder Bathymetry,,,Oceanography
HAKAI,QUADRA,QU36,50.1900000000001,-124.996,544.0,CHS and NRCan Multibeam Echo Sounder Bathymetry,,,Oceanography
HAKAI,QUADRA,QU37,50.1510000000001,-125.052,425.0,CHS and NRCan Multibeam Echo Sounder Bathymetry,,,Oceanography
HAKAI,QUADRA,QU38,50.1172,-125.2226,3.0,CHS and NRCan Multibeam Echo Sounder Bathymetry,,,Oceanography
HAKAI,QUADRA,QU39,50.0307000000001,-125.0992,270.0,CHS and NRCan Multibeam Echo Sounder Bathymetry,,,Oceanography
HAKAI,QUADRA,QU4,50.1270000000001,-125.199,43.0,CHS NONNA10 Bathymetry,,,Oceanography
HAKAI,QUADRA,QU40,50.092,-125.164,92.0,CHS and NRCan Multibeam Echo Sounder Bathymetry,,,Oceanography
HAKAI,QUADRA,QU41,50.3656,-125.092,596.0,CHS and NRCan Multibeam Echo Sounder Bathymetry,,,Oceanography
HAKAI,QUADRA,QU42,50.2577000000001,-125.2111,41.0,CHS and NRCan Multibeam Echo Sounder Bathymetry,,,Oceanography
HAKAI,QUADRA,QU43,50.339210371,-125.117637517,531.0,CHS and NRCan Multibeam Echo Sounder Bathymetry,,,Oceanography
HAKAI,QUADRA,QU433,,,,,,,Oceanography
HAKAI,QUADRA,QU44,50.0740327,-125.1231615,257.0,CHS and NRCan Multibeam Echo Sounder Bathymetry,,,Oceanography
HAKAI,QUADRA,QU45,50.117266401,-125.219883305,0.0,CHS and NRCan Multibeam Echo Sounder Bathymetry,,,Oceanography
HAKAI,QUADRA,QU46,50.09745,-125.1749667,66.0,CHS NONNA10 Bathymetry,,,Oceanography
HAKAI,QUADRA,QU5,50.1183,-125.2122,59.0,CHS NONNA10 Bathymetry,,,Oceanography
HAKAI,QUADRA,QU6,50.1232000000001,-125.2258,24.0,CHS NONNA10 Bathymetry,,,Oceanography
HAKAI,QUADRA,QU7,50.126,-125.231,0.0,chart,,,Oceanography
HAKAI,QUADRA,QU8,50.1463000000001,-125.1748,136.0,CHS and NRCan Multibeam Echo Sounder Bathymetry,,,Oceanography
HAKAI,QUADRA,QU9,50.1804000000001,-125.1371,110.0,CHS and NRCan Multibeam Echo Sounder Bathymetry,,,Oceanography
HAKAI,QUADRA,QU93,,,,,,,Oceanography
HAKAI,QUADRA,QUPP,,,,,,,Nearshore
HAKAI,QUADRA,ROBERTS ROBT1,,,,,ROBERTS,,Watershed
HAKAI,QUADRA,ROBT1,,,,,,,Nearshore
HAKAI,QUADRA,ROCKY12,,,,,,,Nearshore
HAKAI,QUADRA,ROCKY13,,,,,,,Nearshore
HAKAI,QUADRA,ROCKY14,,,,,,,Nearshore
HAKAI,QUADRA,S415,,,,,,,Nearshore
HAKAI,QUADRA,SANJOSEF SNJO1,50.6693300000001,-128.1684,,land,SANJOSEF,,Watershed
HAKAI,QUADRA,SANJUAN SNJU1,48.5762300000001,-124.31138,,land,SANJUAN,,Watershed
HAKAI,QUADRA,SARI1,,,,,,,Nearshore
HAKAI,QUADRA,SARITA SARI1,,,,,SARITA,,Watershed
HAKAI,QUADRA,SENTRY SHOAL,49.906666666,-124.985,12.0,CHS and NRCan Multibeam Echo Sounder Bathymetry,,,Nearshore
HAKAI,QUADRA,SENTRYSHOAL,,,,,,,Oceanography
HAKAI,QUADRA,SIMP1,50.5124500000001,-127.842,,land,,,Nearshore
HAKAI,QUADRA,SIMPSON SIMP1,50.5124500000001,-127.842,,land,SIMPSON,,Watershed
HAKAI,QUADRA,SNJO1,50.6693300000001,-128.1684,,land,,,Nearshore
HAKAI,QUADRA,SNJU1,48.5762300000001,-124.31138,,land,,,Nearshore
HAKAI,QUADRA,SOUTHGATE,,,,,,,Nearshore
HAKAI,QUADRA,SOUTHGATE  SGTE1,50.890367,-124.76765,,,,,Nearshore
HAKAI,QUADRA,SOUTHGATE  SGTE2,50.887635,-124.754228,,,,,Nearshore
HAKAI,QUADRA,SOUTHGATE  SGTE3,50.886333,-124.7394,,,,,Nearshore
HAKAI,QUADRA,SOUTHGATE 2,,,,,SOUTHGATE,SOUTHGATE,Watershed
HAKAI,QUADRA,SOUTHGATE SENSOR_DS,50.8695210000001,-124.693043,,land,SOUTHGATE,,Watershed
HAKAI,QUADRA,SOUTHGATE SGATE3,,,,,SOUTHGATE,SOUTHGATE,Watershed
HAKAI,QUADRA,SOUTHGATE SGTE,,,,,,,Nearshore
HAKAI,QUADRA,SOUTHGATE SGTE1,50.890367,-124.76765,,land,,,Nearshore
HAKAI,QUADRA,SOUTHGATE SGTE2,50.887635,-124.754228,,land,,,Nearshore
HAKAI,QUADRA,SOUTHGATE SGTE3,50.886333,-124.7394,,land,SOUTHGATE,SOUTHGATE,Watershed
HAKAI,QUADRA,SOUTHGATE SGTE4,50.8616940000001,-124.643972,,land,SOUTHGATE,SOUTHGATE,Watershed
HAKAI,QUADRA,SOUTHGATE SPILL_DS,,,,,SOUTHGATE,,Watershed
HAKAI,QUADRA,SOUTHGATE SPILL_US,,,,,SOUTHGATE,,Watershed
HAKAI,QUADRA,SQUADRARECOVERY,,,,,,,Nearshore
HAKAI,QUADRA,STAW1,,,,,,,Nearshore
HAKAI,QUADRA,STAWAMUS STAW1,,,,,STAWAMUS,,Watershed
HAKAI,QUADRA,T04A,,,,,,,Nearshore
HAKAI,QUADRA,TEAQUAHAN TEAQ1,50.9493522700001,-124.8188728,,land,,,Nearshore
HAKAI,QUADRA,TEAQUAHAN TEAQ2,50.94805001,-124.8202371,,land,,,Nearshore
HAKAI,QUADRA,TEST,,,,,,,Nearshore
HAKAI,QUADRA,TLUP1,49.7579700000001,-126.38682,,land,,,Nearshore
HAKAI,QUADRA,TLUPANA TLUP1,49.7579700000001,-126.38682,,land,TLUPANA,,Watershed
HAKAI,QUADRA,TO1,50.3033,-124.7717,497.0,CHS and NRCan Multibeam Echo Sounder Bathymetry,,,Oceanography
HAKAI,QUADRA,TO10,50.4833,-124.39,89.0,CHS and NRCan Multibeam Echo Sounder Bathymetry,,,Oceanography
HAKAI,QUADRA,TO11,50.4794000000001,-124.383,80.0,CHS and NRCan Multibeam Echo Sounder Bathymetry,,,Oceanography
HAKAI,QUADRA,TO2,50.3383000000001,-124.735,502.0,CHS and NRCan Multibeam Echo Sounder Bathymetry,,,Oceanography
HAKAI,QUADRA,TO2A,50.35895,-124.70885,498.0,CHS and NRCan Multibeam Echo Sounder Bathymetry,,,Oceanography
HAKAI,QUADRA,TO3,50.4083000000001,-124.6317,471.0,CHS and NRCan Multibeam Echo Sounder Bathymetry,,,Oceanography
HAKAI,QUADRA,TO3A,50.4161100000001,-124.653,462.0,CHS and NRCan Multibeam Echo Sounder Bathymetry,,,Oceanography
HAKAI,QUADRA,TO4,50.4200000000001,-124.5267,390.0,CHS and NRCan Multibeam Echo Sounder Bathymetry,,,Oceanography
HAKAI,QUADRA,TO4A,50.4264400000001,-124.51479,369.0,CHS and NRCan Multibeam Echo Sounder Bathymetry,,,Oceanography
HAKAI,QUADRA,TO5,50.4633000000001,-124.4,201.0,CHS and NRCan Multibeam Echo Sounder Bathymetry,,,Oceanography
HAKAI,QUADRA,TO6,50.4703000000001,-124.393,149.0,CHS and NRCan Multibeam Echo Sounder Bathymetry,,,Oceanography
HAKAI,QUADRA,TO7,50.4778000000001,-124.389,103.0,CHS and NRCan Multibeam Echo Sounder Bathymetry,,,Oceanography
HAKAI,QUADRA,TO8,50.4844000000001,-124.383,50.0,CHS and NRCan Multibeam Echo Sounder Bathymetry,,,Oceanography
HAKAI,QUADRA,TO9,50.4863,-124.38,38.0,CHS NONNA10 Bathymetry,,,Oceanography
HAKAI,QUADRA,TOBA TOBA1,50.5218070000001,-124.269081,,land,TOBA,,Watershed
HAKAI,QUADRA,TOFI1,49.2508300000001,-125.58333,,land,,,Nearshore
HAKAI,QUADRA,TOFINO TOFI1,49.2508300000001,-125.58333,,land,TOFINO,,Watershed
HAKAI,QUADRA,TSIT1,50.4403600000001,-126.57851,,land,,,Nearshore
HAKAI,QUADRA,TSITIKA TSIT1,50.4403600000001,-126.57851,,land,TSITIKA,,Watershed
HAKAI,QUADRA,TULA_LAB,,,,,,,Nearshore
HAKAI,QUADRA,WAKE1,,,,,,,Nearshore
HAKAI,QUADRA,WAKEMAN WAKE1,,,,,WAKEMAN,,Watershed
HAKAI,QUADRA,WANNOCK GAUGINGSTATION,,,,,WANNOCK,,Watershed
HAKAI,QUADRA,YAKN1,,,,,,,Nearshore
HAKAI,QUADRA,YAKOUN YAKN1,,,,,YAKOUN,,Watershed
HAKAI,QUADRA,ZEBA1,50.0124900000001,-126.8434,,land,,,Nearshore
HAKAI,QUADRA,ZEBA2,50.1356900000001,-126.82006,,land,,,Nearshore
HAKAI,QUADRA,ZEBALLOS ZEBA1,50.0124900000001,-126.8434,,land,ZEBALLOS,,Watershed
HAKAI,QUADRA,ZEBALLOS ZEBA2,50.1356900000001,-126.82006,,land,,,Nearshore
HAKAI,QUADRA,ZS01,,,,,,,Oceanography
HAKAI,QUADRA,ZS02,50.11972,-125.22281,,,,,Oceanography
HAKAI,QUADRA,ZS03,50.11886,-125.21882,,,,,Oceanography
HAKAI,QUADRA,ZS04,50.11879,-125.20383,,,,,Oceanography
HAKAI,QUADRA,ZS05,50.11377,-125.18268,,,,,Oceanography
HAKAI,QUADRA,ZS06,50.08881,-125.13499,,,,,Oceanography
NATURE TRUST,ESTUARY,ASSC01,51.981673,-126.677359,,,,,
NATURE TRUST,ESTUARY,ASSC02,51.972799,-126.6762,,,,,
NATURE TRUST,ESTUARY,ASSC03,51.96654,-126.678704,,,,,
NATURE TRUST,ESTUARY,ASSC04,51.962127,-126.678819,,,,,
NATURE TRUST,ESTUARY,ASSC05,51.962088,-126.674908,,,,,
NATURE TRUST,ESTUARY,ASSC06,51.961997,-126.673664,,,,,
NATURE TRUST,ESTUARY,ASSC07,51.961933,-126.671388,,,,,
NATURE TRUST,ESTUARY,ASSC08,51.960317,-126.67825,,,,,
NATURE TRUST,ESTUARY,ASSC09,51.960314,-126.670197,,,,,
NATURE TRUST,ESTUARY,ASSC10,51.95777,-126.682135,,,,,
NATURE TRUST,ESTUARY,ASSC11,51.958213,-126.673293,,,,,
NATURE TRUST,ESTUARY,BELC01,52.355953,-126.94056,,,,,
NATURE TRUST,ESTUARY,BELC02,52.375212,-126.856942,,,,,
NATURE TRUST,ESTUARY,BELC03,52.385939,-126.798564,,,,,
NATURE TRUST,ESTUARY,BELC04,52.384722,-126.771091,,,,,
NATURE TRUST,ESTUARY,BELC05,52.375157,-126.754045,,,,,
NATURE TRUST,ESTUARY,BELC06,52.376783,-126.688163,,,,,
NATURE TRUST,ESTUARY,BELC07,52.38966,-126.770083,,,,,
NATURE TRUST,ESTUARY,BELC08,52.38751,-126.768746,,,,,
NATURE TRUST,ESTUARY,BELC09,52.386334,-126.768206,,,,,
NATURE TRUST,ESTUARY,BELC10,52.37986,-126.77412,,,,,
NATURE TRUST,ESTUARY,BELC11,52.3767,-126.773964,,,,,
NATURE TRUST,ESTUARY,BELC12,52.376526,-126.791419,,,,,
NATURE TRUST,ESTUARY,CHEC01,48.8831062,-123.6871948,,,,,
NATURE TRUST,ESTUARY,CHEC02,48.8783684,-123.6747513,,,,,
NATURE TRUST,ESTUARY,CHEC03,48.8952293,-123.6819687,,,,,
NATURE TRUST,ESTUARY,CHEC04,48.8871994,-123.6723251,,,,,
NATURE TRUST,ESTUARY,CHEC05,48.8856735,-123.6700974,,,,,
NATURE TRUST,ESTUARY,CHEC06,48.9009781,-123.6790924,,,,,
NATURE TRUST,ESTUARY,CHEC07,48.8974228,-123.6748199,,,,,
NATURE TRUST,ESTUARY,CHEC08,48.890049,-123.6660995,,,,,
NATURE TRUST,ESTUARY,CHEC09,48.8847961,-123.6598663,,,,,
NATURE TRUST,ESTUARY,CHEC10,48.8820953,-123.6580429,,,,,
NATURE TRUST,ESTUARY,CHEC11,48.9140282,-123.670639,,,,,
NATURE TRUST,ESTUARY,CHEC12,48.901844,-123.6524734,,,,,
NATURE TRUST,ESTUARY,CLUC01,50.627963,-127.189632,,,,,
NATURE TRUST,ESTUARY,CLUC02,50.617611,-127.190692,,,,,
NATURE TRUST,ESTUARY,CLUC03,50.615391,-127.189713,,,,,
NATURE TRUST,ESTUARY,CLUC04,50.612975,-127.195784,,,,,
NATURE TRUST,ESTUARY,CLUC05,50.614279,-127.186147,,,,,
NATURE TRUST,ESTUARY,CLUC06,50.615753,-127.20456,,,,,
NATURE TRUST,ESTUARY,CLUC07,50.615479,-127.201528,,,,,
NATURE TRUST,ESTUARY,CLUC08,50.611266,-127.19075,,,,,
NATURE TRUST,ESTUARY,CLUC09,50.609515,-127.186805,,,,,
NATURE TRUST,ESTUARY,CLUC10,50.612721,-127.178581,,,,,
NATURE TRUST,ESTUARY,CLUC11,50.610779,-127.172178,,,,,
NATURE TRUST,ESTUARY,CONC01,49.7817,-126.4625,,,,,
NATURE TRUST,ESTUARY,CONC02,49.78801,-126.4588,,,,,
NATURE TRUST,ESTUARY,CONC03,49.78719,-126.4507,,,,,
NATURE TRUST,ESTUARY,CONC04,49.79233,-126.4424,,,,,
NATURE TRUST,ESTUARY,CONC05,49.79105,-126.4398,,,,,
NATURE TRUST,ESTUARY,CONC06,49.80027,-126.4157,,,,,
NATURE TRUST,ESTUARY,COWC01,48.714205,-123.526385,,,,,
NATURE TRUST,ESTUARY,COWC02,48.735697,-123.567912,,,,,
NATURE TRUST,ESTUARY,COWC03,48.749947,-123.613347,,,,,
NATURE TRUST,ESTUARY,COWC04,48.753577,-123.633234,,,,,
NATURE TRUST,ESTUARY,COWC05,48.764243,-123.62636,,,,,
NATURE TRUST,ESTUARY,COWC06,48.758697,-123.629648,,,,,
NATURE TRUST,ESTUARY,COWC07,48.750804,-123.634848,,,,,
NATURE TRUST,ESTUARY,COWC08,48.747515,-123.638103,,,,,
NATURE TRUST,ESTUARY,COWC09,48.769888,-123.635555,,,,,
NATURE TRUST,ESTUARY,COWC10,48.757617,-123.64551,,,,,
NATURE TRUST,ESTUARY,COWC11,48.755318,-123.649851,,,,,
NATURE TRUST,ESTUARY,COWC12,48.74744,-123.651823,,,,,
NATURE TRUST,ESTUARY,COWC13,48.772857,-123.663659,,,,,
NATURE TRUST,ESTUARY,COWC14,48.755949,-123.676811,,,,,
NATURE TRUST,ESTUARY,DELETE,,,,,,,
NATURE TRUST,ESTUARY,ENGC01,49.357842,-124.298915,,,,,
NATURE TRUST,ESTUARY,ENGC02,49.337946,-124.298476,,,,,
NATURE TRUST,ESTUARY,ENGC03,49.33249,-124.294781,,,,,
NATURE TRUST,ESTUARY,ENGC04,49.32549,-124.291812,,,,,
NATURE TRUST,ESTUARY,ENGC05,49.316353,-124.285129,,,,,
NATURE TRUST,ESTUARY,ENGC06,49.299049,-124.266686,,,,,
NATURE TRUST,ESTUARY,ENGC07,49.325052,-124.303634,,,,,
NATURE TRUST,ESTUARY,ENGC08,49.326986,-124.295441,,,,,
NATURE TRUST,ESTUARY,ENGC09,49.326599,-124.287093,,,,,
NATURE TRUST,ESTUARY,ENGC10,49.321293,-124.304507,,,,,
NATURE TRUST,ESTUARY,ENGC11,49.321284,-124.299084,,,,,
NATURE TRUST,ESTUARY,FULC01,50.483239,-126.088585,,,,,
NATURE TRUST,ESTUARY,FULC02,50.531348,-125.999119,,,,,
NATURE TRUST,ESTUARY,FULC03,50.544455,-125.967562,,,,,
NATURE TRUST,ESTUARY,FULC04,50.54822,-125.949841,,,,,
NATURE TRUST,ESTUARY,FULC05,50.556495,-125.94575,,,,,
NATURE TRUST,ESTUARY,FULC06,50.559489,-125.941389,,,,,
NATURE TRUST,ESTUARY,FULC07,50.563966,-125.935205,,,,,
NATURE TRUST,ESTUARY,FULC08,50.546909,-125.930495,,,,,
NATURE TRUST,ESTUARY,FULC09,50.550192,-125.916539,,,,,
NATURE TRUST,ESTUARY,FULC10,50.547791,-125.911839,,,,,
NATURE TRUST,ESTUARY,FULC11,50.547176,-125.900589,,,,,
NATURE TRUST,ESTUARY,FULC12,50.522174,-125.985789,,,,,
NATURE TRUST,ESTUARY,FULC13,50.518885,-126.065096,,,,,
NATURE TRUST,ESTUARY,GLEC01,50.695384,-125.724387,,,,,
NATURE TRUST,ESTUARY,GLEC02,50.678856,-125.73176,,,,,
NATURE TRUST,ESTUARY,GLEC03,50.669001,-125.733884,,,,,
NATURE TRUST,ESTUARY,GLEC04,50.664415,-125.732179,,,,,
NATURE TRUST,ESTUARY,GLEC05,50.660627,-125.730521,,,,,
NATURE TRUST,ESTUARY,GLEC06,50.653722,-125.725197,,,,,
NATURE TRUST,ESTUARY,GLEC07,50.650494,-125.716008,,,,,
NATURE TRUST,ESTUARY,GLEC08,50.661275,-125.733704,,,,,
NATURE TRUST,ESTUARY,GLEC09,50.661587,-125.72854,,,,,
NATURE TRUST,ESTUARY,HOEC01,50.69,-126.006,,,,,
NATURE TRUST,ESTUARY,HOEC02,50.696,-125.984,,,,,
NATURE TRUST,ESTUARY,HOEC03,50.7,-125.969,,,,,
NATURE TRUST,ESTUARY,HOEC04,50.705,-125.958,,,,,
NATURE TRUST,ESTUARY,HOEC05,50.706,-125.955,,,,,
NATURE TRUST,ESTUARY,HOEC06,50.707,-125.952,,,,,
NATURE TRUST,ESTUARY,HOEC07,50.708,-125.949,,,,,
NATURE TRUST,ESTUARY,HOEC08,50.681,-125.994,,,,,
NATURE TRUST,ESTUARY,HOEC09,50.673,-126.0,,,,,
NATURE TRUST,ESTUARY,KAOC01,50.079615,-127.163165,,,,,
NATURE TRUST,ESTUARY,KAOC02,50.066159,-127.13551,,,,,
NATURE TRUST,ESTUARY,KAOC03,50.066289,-127.116366,,,,,
NATURE TRUST,ESTUARY,KAOC04,50.063179,-127.103172,,,,,
NATURE TRUST,ESTUARY,KAOC05,50.063971,-127.116009,,,,,
NATURE TRUST,ESTUARY,KAOC06,50.061568,-127.116311,,,,,
NATURE TRUST,ESTUARY,KAOC07,50.060641,-127.107205,,,,,
NATURE TRUST,ESTUARY,KAOC08,50.06072,-127.104455,,,,,
NATURE TRUST,ESTUARY,KAOC09,50.061927,-127.103859,,,,,
NATURE TRUST,ESTUARY,KAOC10,50.058981,-127.099866,,,,,
NATURE TRUST,ESTUARY,KAOC11,50.058951,-127.09854,,,,,
NATURE TRUST,ESTUARY,KAOC12,50.059599,-127.096949,,,,,
NATURE TRUST,ESTUARY,KAOC13,50.064201,-127.098558,,,,,
NATURE TRUST,ESTUARY,KAOC14,50.064495,-127.047124,,,,,
NATURE TRUST,ESTUARY,KOEC01,51.772942,-127.893403,,,,,
NATURE TRUST,ESTUARY,KOEC02,51.774776,-127.878571,,,,,
NATURE TRUST,ESTUARY,KOEC03,51.781799,-127.866706,,,,,
NATURE TRUST,ESTUARY,KOEC04,51.777889,-127.853967,,,,,
NATURE TRUST,ESTUARY,KOEC05,51.776605,-127.839801,,,,,
NATURE TRUST,ESTUARY,KOEC06,51.776442,-127.829932,,,,,
NATURE TRUST,ESTUARY,KOEC07,51.776584,-127.811322,,,,,
NATURE TRUST,ESTUARY,KOEC08,51.778055,-127.830019,,,,,
NATURE TRUST,ESTUARY,KOEC09,51.778971,-127.838926,,,,,
NATURE TRUST,ESTUARY,KOEC10,51.778111,-127.841363,,,,,
NATURE TRUST,ESTUARY,KOEC11,51.780866,-127.847611,,,,,
NATURE TRUST,ESTUARY,KUMC01,53.693733,-132.274074,,,,,
NATURE TRUST,ESTUARY,KUMC02,53.700288,-132.181103,,,,,
NATURE TRUST,ESTUARY,KUMC03,53.714745,-132.170376,,,,,
NATURE TRUST,ESTUARY,KUMC04,53.707876,-132.156725,,,,,
NATURE TRUST,ESTUARY,KUMC05,53.701828,-132.146841,,,,,
NATURE TRUST,ESTUARY,KUMC06,53.697528,-132.143099,,,,,
NATURE TRUST,ESTUARY,KUMC07,53.692565,-132.145914,,,,,
NATURE TRUST,ESTUARY,KUMC08,53.689212,-132.143559,,,,,
NATURE TRUST,ESTUARY,KUMC09,53.70249,-132.137691,,,,,
NATURE TRUST,ESTUARY,KUMC10,53.699298,-132.134738,,,,,
NATURE TRUST,ESTUARY,LQC01,49.3560753,-124.4834671,,,,,
NATURE TRUST,ESTUARY,LQC02,49.3633041,-124.4899826,,,,,
NATURE TRUST,ESTUARY,LQC03,49.365818,-124.4926147,,,,,
NATURE TRUST,ESTUARY,LQC04,49.3663559,-124.498436,,,,,
NATURE TRUST,ESTUARY,LQC05,49.366745,-124.5008163,,,,,
NATURE TRUST,ESTUARY,LQC06,49.3689194,-124.5018463,,,,,
NATURE TRUST,ESTUARY,MALC01,50.12572,-127.4647,,,,,
NATURE TRUST,ESTUARY,MALC02,50.12907,-127.4442,,,,,
NATURE TRUST,ESTUARY,MALC03,50.1308,-127.4318,,,,,
NATURE TRUST,ESTUARY,MALC04,50.13588,-127.4289,,,,,
NATURE TRUST,ESTUARY,MALC05,50.13406,-127.4209,,,,,
NATURE TRUST,ESTUARY,MALC06,50.13734,-127.4235,,,,,
NATURE TRUST,ESTUARY,MALC07,50.14236,-127.4123,,,,,
NATURE TRUST,ESTUARY,MOYC01,49.339609,-125.964925,,,,,
NATURE TRUST,ESTUARY,MOYC02,49.380534,-125.943326,,,,,
NATURE TRUST,ESTUARY,MOYC03,49.413064,-125.907037,,,,,
NATURE TRUST,ESTUARY,MOYC04,49.42004,-125.906875,,,,,
NATURE TRUST,ESTUARY,MOYC05,49.415532,-125.918148,,,,,
NATURE TRUST,ESTUARY,MOYC06,49.417334,-125.915917,,,,,
NATURE TRUST,ESTUARY,MOYC07,49.41834,-125.912419,,,,,
NATURE TRUST,ESTUARY,MOYC08,49.419458,-125.910167,,,,,
NATURE TRUST,ESTUARY,MOYC09,49.425765,-125.913199,,,,,
NATURE TRUST,ESTUARY,MOYC10,49.426655,-125.905048,,,,,
NATURE TRUST,ESTUARY,MOYC11,49.436821,-125.909737,,,,,
NATURE TRUST,ESTUARY,NADC01,54.096133,-132.511493,,,,,
NATURE TRUST,ESTUARY,NADC02,54.053615,-132.552072,,,,,
NATURE TRUST,ESTUARY,NADC03,53.996741,-132.612969,,,,,
NATURE TRUST,ESTUARY,NADC04,53.977995,-132.6445,,,,,
NATURE TRUST,ESTUARY,NADC05,53.962572,-132.654319,,,,,
NATURE TRUST,ESTUARY,NADC06,53.956212,-132.665396,,,,,
NATURE TRUST,ESTUARY,NADC07,53.957889,-132.679519,,,,,
NATURE TRUST,ESTUARY,NADC08,53.949366,-132.670076,,,,,
NATURE TRUST,ESTUARY,NADC09,53.954362,-132.689115,,,,,
NATURE TRUST,ESTUARY,NADC10,53.952418,-132.688137,,,,,
NATURE TRUST,ESTUARY,NADC11,53.944615,-132.663772,,,,,
NATURE TRUST,ESTUARY,NADC12,53.937765,-132.679177,,,,,
NATURE TRUST,ESTUARY,NADC13,53.942622,-132.70202,,,,,
NATURE TRUST,ESTUARY,NADC14,53.919382,-132.690623,,,,,
NATURE TRUST,ESTUARY,NANC01,49.188517,-123.88779,,,,,
NATURE TRUST,ESTUARY,NANC02,49.172135,-123.901341,,,,,
NATURE TRUST,ESTUARY,NANC03,49.164052,-123.901315,,,,,
NATURE TRUST,ESTUARY,NANC04,49.160769,-123.917902,,,,,
NATURE TRUST,ESTUARY,NANC05,49.134171,-123.910483,,,,,
NATURE TRUST,ESTUARY,NANC06,49.136252,-123.89571,,,,,
NATURE TRUST,ESTUARY,NANC07,49.137946,-123.881008,,,,,
NATURE TRUST,ESTUARY,NANC08,49.125293,-123.887584,,,,,
NATURE TRUST,ESTUARY,NANC09,49.116421,-123.880112,,,,,
NATURE TRUST,ESTUARY,NANC10,49.142723,-123.918512,,,,,
NATURE TRUST,ESTUARY,NANC11,49.142935,-123.912037,,,,,
NATURE TRUST,ESTUARY,NANC12,49.14875,-123.903599,,,,,
NATURE TRUST,ESTUARY,NANC13,49.152552,-123.891535,,,,,
NATURE TRUST,ESTUARY,NANC14,49.136319,-123.919632,,,,,
NATURE TRUST,ESTUARY,NANC15,49.134161,-123.918413,,,,,
NATURE TRUST,ESTUARY,NANC16,49.130675,-123.914511,,,,,
NATURE TRUST,ESTUARY,NANC17,49.132654,-123.908693,,,,,
NATURE TRUST,ESTUARY,NANC18,49.126694,-123.8862,,,,,
NATURE TRUST,ESTUARY,NANC19,49.128567,-123.864914,,,,,
NATURE TRUST,ESTUARY,NT_C01,48.756,-123.65,,,,,
NATURE TRUST,ESTUARY,NT_C02,48.754,-123.64,,,,,
NATURE TRUST,ESTUARY,NT_C03,48.754,-123.643,,,,,
NATURE TRUST,ESTUARY,NT_C06,48.751,-123.643,,,,,
NATURE TRUST,ESTUARY,NT_C07,48.749,-123.645,,,,,
NATURE TRUST,ESTUARY,NT_C08,48.75,-123.657,,,,,
NATURE TRUST,ESTUARY,NT_CHEC01,48.8831062,-123.6871948,,,,,
NATURE TRUST,ESTUARY,NT_CHEC02,48.8783684,-123.6747513,,,,,
NATURE TRUST,ESTUARY,NT_CHEC03,48.8952293,-123.6819687,,,,,
NATURE TRUST,ESTUARY,NT_CHEC04,48.8871994,-123.6723251,,,,,
NATURE TRUST,ESTUARY,NT_CHEC05,48.8856735,-123.6700974,,,,,
NATURE TRUST,ESTUARY,NT_CHEC06,48.9009781,-123.6790924,,,,,
NATURE TRUST,ESTUARY,NT_CHEC07,48.8974228,-123.6748199,,,,,
NATURE TRUST,ESTUARY,NT_CHEC08,48.890049,-123.6660995,,,,,
NATURE TRUST,ESTUARY,NT_CHEC09,48.8847961,-123.6598663,,,,,
NATURE TRUST,ESTUARY,NT_CHEC10,48.8820953,-123.6580429,,,,,
NATURE TRUST,ESTUARY,NT_CHEC11,48.9140282,-123.670639,,,,,
NATURE TRUST,ESTUARY,NT_CHEC12,48.901844,-123.6524734,,,,,
NATURE TRUST,ESTUARY,NT_DB01,49.135531,-123.895326,,,,,
NATURE TRUST,ESTUARY,NT_DB02,49.134765,-123.895197,,,,,
NATURE TRUST,ESTUARY,NT_DB03,49.135003,-123.894269,,,,,
NATURE TRUST,ESTUARY,NT_DB04,49.135379,-123.893757,,,,,
NATURE TRUST,ESTUARY,NT_DB05,49.135534,-123.892866,,,,,
NATURE TRUST,ESTUARY,NT_HC01,49.131131,-123.877388,,,,,
NATURE TRUST,ESTUARY,NT_HC02,49.131864,-123.876775,,,,,
NATURE TRUST,ESTUARY,NT_HC03,49.132558,-123.875953,,,,,
NATURE TRUST,ESTUARY,NT_HC04,49.133235,-123.874904,,,,,
NATURE TRUST,ESTUARY,NT_HC05,49.133077,-123.873714,,,,,
NATURE TRUST,ESTUARY,NT_HC06,49.133242,-123.872833,,,,,
NATURE TRUST,ESTUARY,NT_HC07,49.132299,-123.874294,,,,,
NATURE TRUST,ESTUARY,NT_HC08,49.131801,-123.873374,,,,,
NATURE TRUST,ESTUARY,NT_HC09,49.131125,-123.872963,,,,,
NATURE TRUST,ESTUARY,NT_HC10,49.130317,-123.871639,,,,,
NATURE TRUST,ESTUARY,NT_LQC01,49.3560753,-124.4834671,,,,,
NATURE TRUST,ESTUARY,NT_LQC02,49.3633041,-124.4899826,,,,,
NATURE TRUST,ESTUARY,NT_LQC03,49.365818,-124.4926147,,,,,
NATURE TRUST,ESTUARY,NT_LQC04,49.3663559,-124.498436,,,,,
NATURE TRUST,ESTUARY,NT_LQC05,49.366745,-124.5008163,,,,,
NATURE TRUST,ESTUARY,NT_LQC06,49.3689194,-124.5018463,,,,,
NATURE TRUST,ESTUARY,NT_S01,50.378,-125.947,,,,,
NATURE TRUST,ESTUARY,NT_S02,50.377,-125.951,,,,,
NATURE TRUST,ESTUARY,NT_S03,50.377,-125.951,,,,,
NATURE TRUST,ESTUARY,NT_S04,50.378,-125.952,,,,,
NATURE TRUST,ESTUARY,NT_S05,50.38,-125.952,,,,,
NATURE TRUST,ESTUARY,NT_S06,50.378,-125.95,,,,,
NATURE TRUST,ESTUARY,NT_S07,50.379,-125.948,,,,,
NATURE TRUST,ESTUARY,,,,,,,,
NATURE TRUST,ESTUARY,QUAC01,50.765599,-127.45546,,,,,
NATURE TRUST,ESTUARY,QUAC02,50.720831,-127.481042,,,,,
NATURE TRUST,ESTUARY,QUAC03,50.715631,-127.485521,,,,,
NATURE TRUST,ESTUARY,QUAC04,50.710339,-127.480541,,,,,
NATURE TRUST,ESTUARY,QUAC05,50.713644,-127.488397,,,,,
NATURE TRUST,ESTUARY,QUAC06,50.705487,-127.481839,,,,,
NATURE TRUST,ESTUARY,QUAC07,50.705927,-127.47754,,,,,
NATURE TRUST,ESTUARY,QUAC08,50.706387,-127.473858,,,,,
NATURE TRUST,ESTUARY,QUAC09,50.699024,-127.481481,,,,,
NATURE TRUST,ESTUARY,QUAC10,50.700367,-127.470669,,,,,
NATURE TRUST,ESTUARY,QUAC11,50.693124,-127.485539,,,,,
NATURE TRUST,ESTUARY,QUAC12,50.694261,-127.467239,,,,,
NATURE TRUST,ESTUARY,SALC01,50.408682,-125.947654,,,,,
NATURE TRUST,ESTUARY,SALC02,50.399392,-125.951803,,,,,
NATURE TRUST,ESTUARY,SALC03,50.390216,-125.947137,,,,,
NATURE TRUST,ESTUARY,SALC04,50.377437,-125.944716,,,,,
NATURE TRUST,ESTUARY,SALC05,50.370914,-125.922156,,,,,
NATURE TRUST,ESTUARY,SALC06,50.320734,-125.922714,,,,,
NATURE TRUST,ESTUARY,SALC07,50.377331,-125.949607,,,,,
NATURE TRUST,ESTUARY,SALC08,50.378893,-125.939819,,,,,
NATURE TRUST,ESTUARY,SALC09,50.376173,-125.946254,,,,,
NATURE TRUST,ESTUARY,SALC10,50.374891,-125.943218,,,,,
NATURE TRUST,ESTUARY,SALC11,50.365741,-125.934809,,,,,
NATURE TRUST,ESTUARY,SALC12,50.380391,-125.958022,,,,,
NATURE TRUST,ESTUARY,SALC13,50.387119,-125.957056,,,,,
PARKS CANADA,GWAII HAANAS,BI1,,,,,,,
PARKS CANADA,GWAII HAANAS,BI2,,,,,,,
PARKS CANADA,GWAII HAANAS,BI3,,,,,,,
PARKS CANADA,GWAII HAANAS,CW1,,,,,,,
PARKS CANADA,GWAII HAANAS,ENF1,,,,,,,
PARKS CANADA,GWAII HAANAS,ENF2,,,,,,,
PARKS CANADA,GWAII HAANAS,FARADAYEASTENDRANDOMTRANSECTRT3B,,,,,,,
PARKS CANADA,GWAII HAANAS,FARADAYMAINEASTINCHANNELRT4B,,,,,,,
PARKS CANADA,GWAII HAANAS,FARADAYNORTHPLOT1,,,,,,,
PARKS CANADA,GWAII HAANAS,FARADAYNORTHPLOT2,,,,,,,
PARKS CANADA,GWAII HAANAS,FARADAYSOUTHPLOT1,,,,,,,
PARKS CANADA,GWAII HAANAS,FARADAYSOUTHPLOT2,,,,,,,
PARKS CANADA,GWAII HAANAS,FARADAYSOUTHRT2B,,,,,,,
PARKS CANADA,GWAII HAANAS,FLA1,,,,,,,
PARKS CANADA,GWAII HAANAS,GOWG1,,,,,,,
PARKS CANADA,GWAII HAANAS,GOWGAIA,,,,,,,
PARKS CANADA,GWAII HAANAS,HG7,,,,,,,
PARKS CANADA,GWAII HAANAS,HG8A,,,,,,,
PARKS CANADA,GWAII HAANAS,HSC1,,,,,,,
PARKS CANADA,GWAII HAANAS,HSC2,,,,,,,
PARKS CANADA,GWAII HAANAS,HSC3,,,,,,,
PARKS CANADA,GWAII HAANAS,JPC1,,,,,,,
PARKS CANADA,GWAII HAANAS,JPC2,,,,,,,
PARKS CANADA,GWAII HAANAS,JPN1,,,,,,,
PARKS CANADA,GWAII HAANAS,JPN2,,,,,,,
PARKS CANADA,GWAII HAANAS,JPN3,,,,,,,
PARKS CANADA,GWAII HAANAS,JPN4,,,,,,,
PARKS CANADA,GWAII HAANAS,JPS1,,,,,,,
PARKS CANADA,GWAII HAANAS,JPS2,,,,,,,
PARKS CANADA,GWAII HAANAS,JPS3,,,,,,,
PARKS CANADA,GWAII HAANAS,JPS4,,,,,,,
PARKS CANADA,GWAII HAANAS,JPS5,,,,,,,
PARKS CANADA,GWAII HAANAS,JPS6,,,,,,,
PARKS CANADA,GWAII HAANAS,JPS7,,,,,,,
PARKS CANADA,GWAII HAANAS,LI1,,,,,,,
PARKS CANADA,GWAII HAANAS,LI2,,,,,,,
PARKS CANADA,GWAII HAANAS,LSK,,,,,,,
PARKS CANADA,GWAII HAANAS,LSK1,,,,,,,
PARKS CANADA,GWAII HAANAS,LSK2,,,,,,,
PARKS CANADA,GWAII HAANAS,LSK3,,,,,,,
PARKS CANADA,GWAII HAANAS,LSK4,,,,,,,
PARKS CANADA,GWAII HAANAS,MA03,,,,,,,
PARKS CANADA,GWAII HAANAS,MA04,,,,,,,
PARKS CANADA,GWAII HAANAS,MT10,,,,,,,
PARKS CANADA,GWAII HAANAS,MT11,,,,,,,
PARKS CANADA,GWAII HAANAS,MURCHISONNE,,,,,,,
PARKS CANADA,GWAII HAANAS,MURCHISONNEPLOT1,,,,,,,
PARKS CANADA,GWAII HAANAS,MURCHISONNEPLOT2,,,,,,,
PARKS CANADA,GWAII HAANAS,MURCHISONNWPLOT1,,,,,,,
PARKS CANADA,GWAII HAANAS,MURCHISONNWPLOT2,,,,,,,
PARKS CANADA,GWAII HAANAS,OFFICE,,,,,,,
PARKS CANADA,GWAII HAANAS,PARKS01,,,,,,,
PARKS CANADA,GWAII HAANAS,PARKS02,,,,,,,
PARKS CANADA,GWAII HAANAS,PL1,,,,,,,
PARKS CANADA,GWAII HAANAS,Q19,,,,,,,
PARKS CANADA,GWAII HAANAS,SCI1,,,,,,,
PARKS CANADA,GWAII HAANAS,SCI2,,,,,,,
PARKS CANADA,GWAII HAANAS,SKID1,,,,,,,
PARKS CANADA,GWAII HAANAS,SUN2,,,,,,,
PARKS CANADA,GWAII HAANAS,TASU,,,,,,,
SFC,SKEENA,ATNA1,54.00747,-127.73722,,,,,
SFC,SKEENA,ATNA2,54.00666,-127.681,,,,,
SFC,SKEENA,GITNORTH,55.37804,-128.1182,,,,,
SFC,SKEENA,GITSOUTH,55.34273,-128.10035,,,,,
SFC,SKEENA,GL2,,,,,,,
SFC,SKEENA,GL7,,,,,,,
SFC,SKEENA,GLT1,55.38945,-128.1308,,,,,
SFC,SKEENA,GLT2,55.378,-128.12107,,,,,
SFC,SKEENA,GLT3,55.37179,-128.11294,,,,,
SFC,SKEENA,GLT4,55.36373,-128.11953,,,,,
SFC,SKEENA,GLT5,55.35757,-128.11424,,,,,
SFC,SKEENA,GLT6,55.35071,-128.1066,,,,,
SFC,SKEENA,GLT7,55.34805,-128.10157,,,,,
SFC,SKEENA,GLT8,55.3389,-128.10274,,,,,
SFC,SKEENA,GTL3,,,,,,,
SFC,SKEENA,MEZ1B,,,,,,,
SFC,SKEENA,MEZ2,56.07603,-129.31495,,,,,
SFC,SKEENA,MEZ3,56.04323,-129.24433,,,,,
SFC,SKEENA,MEZADDON,,,,,,,
SFC,SKEENA,MORICE1,54.09198,-127.48345,,,,,
SFC,SKEENA,MORICE2,54.02702,-127.57336,,,,,
SFC,SKEENA,MORICE3,53.93865,-127.65948,,,,,
SFC,SKEENA,MZ1,56.09627,-129.40493,,,,,
SFC,SKEENA,MZ2,56.09389,-129.35754,,,,,
SFC,SKEENA,MZ3,56.07603,-129.31495,,,,,
SFC,SKEENA,MZ4,56.05193,-129.28173,,,,,
SFC,SKEENA,MZ5,56.03687,-129.23774,,,,,
SFC,SKEENA,MZ6,56.0146,-129.21548,,,,,
SFC,SKEENA,OC1,51.69393,-126.66967,,,,,
SFC,SKEENA,OC2,51.71873,-126.62312,,,,,
SFC,SKEENA,OC3,51.7825,-126.64446,,,,,
SFC,SKEENA,OC4,51.82721,-126.67195,,,,,
SFC,SKEENA,OW1,51.68933,-127.15572,,,,,
SFC,SKEENA,OW2,51.68335,-127.02771,,,,,
SFC,SKEENA,OW3,51.66963,-126.93094,,,,,
SFC,SKEENA,OW4,51.66836,-126.83762,,,,,
SFC,SKEENA,OW5,51.66057,-126.73693,,,,,
SFC,SKEENA,WZ1,,,,,,,
SFC,SKEENA,WZ2,,,,,,,
SFC,SKEENA,WZ3,,,,,,,
SFC,SKEENA,WZ4,,,,,,,
SFC,SKEENA,WZ5,,,,,,,
SFC,SKEENA,WZ6,,,,,,,
SFC,SKEENA,Z1,,,,,,,
SFC,SKEENA,Z2,,,,,,,
SFC,SKEENA,Z3,,,,,,,
SFC,SKEENA,Z4,,,,,,,
SFC,SKEENA,Z5,,,,,,,
SFC,SKEENA,Z6,,,,,,,
UWT,CLAYOQUOT,63,49.3996500000001,-126.24365,,,,,
UWT,CLAYOQUOT,64,49.4267170000001,-126.243967,,,,,
UWT,CLAYOQUOT,65,49.437733,-126.259567,,,,,
UWT,CLAYOQUOT,66,49.4523830000001,-126.270433,,,,,
UWT,CLAYOQUOT,69,49.4699670000001,-126.2752,,,,,
UWT,CLAYOQUOT,70,49.4876330000001,-126.284767,,,,,
UWT,CLAYOQUOT,71,49.5024670000001,-126.29265,,,,,
UWT,CLAYOQUOT,72,49.398533,-126.2156,,,,,
UWT,CLAYOQUOT,73,49.38935,-126.185617,,,,,
UWT,CLAYOQUOT,74,49.3939500000001,-126.162283,,,,,
UWT,CLAYOQUOT,75,49.4005330000001,-126.136483,,,,,
UWT,CLAYOQUOT,AB1,49.1769,-126.0299,24.0,CHS NONNA10 Bathymetry,,,
UWT,CLAYOQUOT,BED1,49.2417166700001,-125.8983333,33.0,CHS NONNA10 Bathymetry,,,
UWT,CLAYOQUOT,BED10,49.3620166700001,-125.7793167,1.0,chart,,,
UWT,CLAYOQUOT,BED2,49.2500500000001,-125.9175167,43.0,CHS NONNA10 Bathymetry,,,
UWT,CLAYOQUOT,BED3,49.26603333,-125.8902333,25.0,CHS and NRCan Multibeam Echo Sounder Bathymetry,,,
UWT,CLAYOQUOT,BED4,49.24973333,-125.8628833,58.0,CHS NONNA10 Bathymetry,,,
UWT,CLAYOQUOT,BED5,49.24398333,-125.8229333,105.0,CHS NONNA10 Bathymetry,,,
UWT,CLAYOQUOT,BED6,49.26971667,-125.8243,61.0,CHS NONNA10 Bathymetry,,,
UWT,CLAYOQUOT,BED7,49.2928666700001,-125.8175,63.0,CHS NONNA10 Bathymetry,,,
UWT,CLAYOQUOT,BED8,49.30518333,-125.8105667,61.0,CHS NONNA10 Bathymetry,,,
UWT,CLAYOQUOT,BED9,49.33081667,-125.8042,86.0,CHS NONNA10 Bathymetry,,,
UWT,CLAYOQUOT,CP1,49.21498333,-125.97865,20.0,CHS NONNA10 Bathymetry,,,
UWT,CLAYOQUOT,CP2,49.2116500000001,-126.0442,16.0,CHS NONNA10 Bathymetry,,,
UWT,CLAYOQUOT,FCC1,49.1834833300001,-125.9286167,34.0,CHS NONNA10 Bathymetry,,,
UWT,CLAYOQUOT,HER1,49.3153166700001,-126.0120167,111.0,CHS NONNA10 Bathymetry,,,
UWT,CLAYOQUOT,HER2,49.3281000000001,-125.9782333,133.0,CHS NONNA10 Bathymetry,,,
UWT,CLAYOQUOT,HER3,49.3489000000001,-125.9571833,140.0,CHS NONNA10 Bathymetry,,,
UWT,CLAYOQUOT,HER4,49.3932166700001,-125.9386333,130.0,CHS NONNA10 Bathymetry,,,
UWT,CLAYOQUOT,HER5,49.40478333,-125.9123667,127.0,CHS NONNA10 Bathymetry,,,
UWT,CLAYOQUOT,LE01,49.1170833300001,-126.0158,40.0,chart,,,
UWT,CLAYOQUOT,LE02,49.07271667,-126.0674167,55.0,CHS and NRCan Multibeam Echo Sounder Bathymetry,,,
UWT,CLAYOQUOT,MC1,49.28973333,-126.0435,34.0,CHS NONNA10 Bathymetry,,,
UWT,CLAYOQUOT,RC1,49.23641667,-126.1153667,25.0,CHS NONNA10 Bathymetry,,,
UWT,CLAYOQUOT,RC2,49.23653333,-126.07245,14.0,CHS NONNA10 Bathymetry,,,
UWT,CLAYOQUOT,RC3,49.23941667,-126.0323333,12.0,CHS NONNA10 Bathymetry,,,
UWT,CLAYOQUOT,UWT31,49.2362170000001,-126.032017,13.0,CHS and NRCan Multibeam Echo Sounder Bathymetry,,,
UWT,CLAYOQUOT,UWT32,49.260317,-126.0381,6.0,CHS and NRCan Multibeam Echo Sounder Bathymetry,,,
UWT,CLAYOQUOT,UWT33,49.2958170000001,-126.035367,52.0,CHS and NRCan Multibeam Echo Sounder Bathymetry,,,
UWT,CLAYOQUOT,UWT34,49.312917,-126.012017,116.0,CHS and NRCan Multibeam Echo Sounder Bathymetry,,,
UWT,CLAYOQUOT,UWT35,49.3281830000001,-125.977683,133.0,CHS and NRCan Multibeam Echo Sounder Bathymetry,,,
UWT,CLAYOQUOT,UWT36,49.3608830000001,-125.945017,143.0,CHS and NRCan Multibeam Echo Sounder Bathymetry,,,
UWT,CLAYOQUOT,UWT37,49.3925830000001,-125.93865,129.0,CHS and NRCan Multibeam Echo Sounder Bathymetry,,,
UWT,CLAYOQUOT,UWT38,49.4089000000001,-125.90695,109.0,CHS NONNA10 Bathymetry,,,
UWT,CLAYOQUOT,UWT39,49.337,-126.068383,102.0,CHS NONNA10 Bathymetry,,,
UWT,CLAYOQUOT,UWT40,49.352517,-125.788317,76.0,CHS and NRCan Multibeam Echo Sounder Bathymetry,,,
UWT,CLAYOQUOT,UWT41,49.3359,-125.8046,71.0,CHS NONNA10 Bathymetry,,,
UWT,CLAYOQUOT,UWT42,49.270267,-125.821283,61.0,CHS and NRCan Multibeam Echo Sounder Bathymetry,,,
UWT,CLAYOQUOT,UWT43,49.237517,-125.757533,142.0,CHS and NRCan Multibeam Echo Sounder Bathymetry,,,
UWT,CLAYOQUOT,UWT44,49.185617,-125.762633,76.0,CHS NONNA10 Bathymetry,,,
UWT,CLAYOQUOT,UWT45,49.125683,-125.7641,45.0,CHS NONNA10 Bathymetry,,,
UWT,CLAYOQUOT,UWT46,49.1345170000001,-125.716567,59.0,CHS NONNA10 Bathymetry,,,
UWT,CLAYOQUOT,UWT47,49.1654,-125.690317,69.0,CHS NONNA10 Bathymetry,,,
UWT,CLAYOQUOT,UWT48,49.1964330000001,-125.674767,49.0,CHS NONNA10 Bathymetry,,,
UWT,CLAYOQUOT,UWT49,49.161283,-125.6647,73.0,CHS NONNA10 Bathymetry,,,
UWT,CLAYOQUOT,UWT50,49.195817,-125.64935,122.0,CHS NONNA10 Bathymetry,,,
UWT,CLAYOQUOT,UWT51,49.22785,-125.5982,45.0,CHS and NRCan Multibeam Echo Sounder Bathymetry,,,
UWT,CLAYOQUOT,UWT52,49.2252500000001,-125.598817,43.0,CHS and NRCan Multibeam Echo Sounder Bathymetry,,,
UWT,CLAYOQUOT,UWT53,49.2086330000001,-125.61045,89.0,CHS and NRCan Multibeam Echo Sounder Bathymetry,,,
UWT,CLAYOQUOT,UWT54,49.1817500000001,-125.647567,106.0,CHS NONNA10 Bathymetry,,,
UWT,CLAYOQUOT,UWT55,49.150917,-125.6932,67.0,CHS NONNA10 Bathymetry,,,
UWT,CLAYOQUOT,UWT56,49.1194330000001,-125.797233,44.0,CHS NONNA10 Bathymetry,,,
UWT,CLAYOQUOT,UWT57,49.129467,-125.8458,18.0,CHS NONNA10 Bathymetry,,,
UWT,CLAYOQUOT,UWT58,49.141583,-125.875933,13.0,CHS NONNA10 Bathymetry,,,
UWT,CLAYOQUOT,UWT59,49.1515170000001,-125.91525,21.0,CHS NONNA10 Bathymetry,,,
UWT,CLAYOQUOT,UWT62,49.3820170000001,-126.244383,62.0,CHS NONNA10 Bathymetry,,,
UWT,CLAYOQUOT,UWT63,49.3996500000001,-126.24365,66.0,CHS NONNA10 Bathymetry,,,
UWT,CLAYOQUOT,UWT64,49.4267170000001,-126.243967,68.0,CHS NONNA10 Bathymetry,,,
UWT,CLAYOQUOT,UWT65,49.437733,-126.259567,76.0,CHS NONNA10 Bathymetry,,,
UWT,CLAYOQUOT,UWT66,49.4523830000001,-126.270433,123.0,CHS NONNA10 Bathymetry,,,
UWT,CLAYOQUOT,UWT69,49.4699670000001,-126.2752,133.0,CHS NONNA10 Bathymetry,,,
UWT,CLAYOQUOT,UWT70,49.4876330000001,-126.284767,110.0,CHS NONNA10 Bathymetry,,,
UWT,CLAYOQUOT,UWT71,49.5024670000001,-126.29265,81.0,CHS NONNA10 Bathymetry,,,
UWT,CLAYOQUOT,UWT72,49.398533,-126.2156,71.0,CHS NONNA10 Bathymetry,,,
UWT,CLAYOQUOT,UWT73,49.38935,-126.185617,80.0,CHS NONNA10 Bathymetry,,,
UWT,CLAYOQUOT,UWT74,49.3939500000001,-126.162283,85.0,CHS NONNA10 Bathymetry,,,
UWT,CLAYOQUOT,UWT75,49.4005330000001,-126.136483,128.0,CHS NONNA10 Bathymetry,,,
UWT,CLAYOQUOT,UWT81,49.3801330000001,-126.085617,154.0,CHS and NRCan Multibeam Echo Sounder Bathymetry,,,
UWT,CLAYOQUOT,UWT82,49.297833,-125.810917,58.0,CHS NONNA10 Bathymetry,,,
UWT,CLAYOQUOT,UWT85,49.249517,-125.875533,54.0,CHS and NRCan Multibeam Echo Sounder Bathymetry,,,
UWT,CLAYOQUOT,UWT86,49.2355670000001,-125.94095,26.0,CHS NONNA10 Bathymetry,,,
